contract_id,project_id,contractor_id,contract_award_date,contract_start_date,contract_end_date,planned_duration_months,contract_value_cr,actual_completion_date,actual_duration_months,delay_months,final_cost_cr,cost_overrun_pct,contract_status,register_as_of
CON-P0005,P0005,CTR-11,2023-04-14,2023-07-01,2027-11-01,52,1056.9,,,,,,ongoing,2026-09-01
CON-P0007,P0007,CTR-29,2019-12-23,2020-02-01,2021-12-01,22,209.6,2021-12-01,22.0,0.0,231.3,10.35,completed,2026-09-01
CON-P0010,P0010,CTR-02,2023-07-28,2023-10-01,2029-09-01,71,1924.8,,,,,,ongoing,2026-09-01
CON-P0023,P0023,CTR-04,2016-06-01,2016-07-01,2021-08-01,61,246.7,2021-09-01,62.0,1.0,271.2,9.93,completed,2026-09-01
CON-P0025,P0025,CTR-05,2021-05-16,2021-08-01,2027-03-01,67,217.6,,,,,,ongoing,2026-09-01
CON-P0029,P0029,CTR-15,2017-09-09,2017-12-01,2020-10-01,34,158.4,2021-01-01,37.0,3.0,162.7,2.71,completed,2026-09-01
CON-P0030,P0030,CTR-27,2014-06-22,2014-09-01,2020-10-01,73,762.5,2021-01-01,76.0,3.0,854.1,12.01,completed,2026-09-01
CON-P0031,P0031,CTR-01,2017-08-13,2017-10-01,2022-04-01,54,3105.6,2022-04-01,54.0,0.0,2982.3,-3.97,completed,2026-09-01
CON-P0033,P0033,CTR-11,2019-09-07,2019-10-01,2025-06-01,68,581.5,2025-09-01,71.0,3.0,718.3,23.53,completed,2026-09-01
CON-P0039,P0039,CTR-03,2020-10-17,2021-01-01,2026-08-01,67,151.7,,,,,,ongoing,2026-09-01
CON-P0044,P0044,CTR-04,2021-04-08,2021-06-01,2027-04-01,70,347.0,,,,,,ongoing,2026-09-01
CON-P0049,P0049,CTR-30,2021-06-08,2021-09-01,2024-11-01,38,902.1,2025-01-01,40.0,2.0,981.5,8.8,completed,2026-09-01
CON-P0054,P0054,CTR-06,2023-10-12,2023-11-01,2026-06-01,31,150.0,,,,,,ongoing,2026-09-01
CON-P0055,P0055,CTR-17,2024-12-11,2025-01-01,2028-08-01,43,1935.7,,,,,,ongoing,2026-09-01
CON-P0060,P0060,CTR-03,2022-08-31,2022-11-01,2026-03-01,40,2193.6,2026-08-01,45.0,5.0,2409.2,9.83,completed,2026-09-01
CON-P0063,P0063,CTR-15,2025-08-03,2025-10-01,2029-04-01,42,207.1,,,,,,ongoing,2026-09-01
CON-P0065,P0065,CTR-01,2025-04-10,2025-05-01,2029-10-01,53,561.8,,,,,,ongoing,2026-09-01
CON-P0066,P0066,CTR-15,2022-07-01,2022-10-01,2026-07-01,45,288.9,,,,,,ongoing,2026-09-01
CON-P0067,P0067,CTR-03,2022-08-13,2022-10-01,2027-04-01,54,946.6,,,,,,ongoing,2026-09-01
CON-P0070,P0070,CTR-06,2014-02-09,2014-05-01,2019-10-01,65,236.3,2020-05-01,72.0,7.0,253.9,7.45,completed,2026-09-01
CON-P0072,P0072,CTR-15,2022-01-27,2022-03-01,2028-07-01,76,663.3,,,,,,ongoing,2026-09-01
CON-P0076,P0076,CTR-19,2025-05-27,2025-07-01,2031-01-01,66,693.4,,,,,,ongoing,2026-09-01
CON-P0077,P0077,CTR-26,2019-03-29,2019-07-01,2025-10-01,75,307.4,2026-05-01,82.0,7.0,318.9,3.74,completed,2026-09-01
CON-P0078,P0078,CTR-19,2022-08-04,2022-09-01,2025-04-01,31,177.1,2025-12-01,39.0,8.0,202.4,14.29,completed,2026-09-01
CON-P0081,P0081,CTR-14,2015-09-30,2016-01-01,2019-12-01,47,253.3,2019-12-01,47.0,0.0,300.5,18.63,completed,2026-09-01
CON-P0082,P0082,CTR-27,2025-05-15,2025-07-01,2027-12-01,29,965.5,,,,,,ongoing,2026-09-01
CON-P0084,P0084,CTR-16,2021-10-10,2021-12-01,2025-03-01,39,1068.0,2025-10-01,46.0,7.0,1201.0,12.45,completed,2026-09-01
CON-P0086,P0086,CTR-30,2020-07-13,2020-10-01,2023-01-01,27,4917.8,2023-04-01,30.0,3.0,4555.8,-7.36,completed,2026-09-01
CON-P0096,P0096,CTR-29,2018-09-22,2018-11-01,2022-11-01,48,1066.0,2023-03-01,52.0,4.0,1114.0,4.5,completed,2026-09-01
CON-P0097,P0097,CTR-25,2019-08-06,2019-09-01,2025-04-01,67,303.0,2025-06-01,69.0,2.0,309.2,2.05,completed,2026-09-01
CON-P0101,P0101,CTR-14,2013-11-04,2014-01-01,2019-07-01,66,2730.1,2019-07-01,66.0,0.0,2535.2,-7.14,completed,2026-09-01
CON-P0109,P0109,CTR-01,2023-11-04,2023-12-01,2027-05-01,41,1484.4,,,,,,ongoing,2026-09-01
CON-P0110,P0110,CTR-07,2025-01-25,2025-04-01,2026-10-01,18,518.4,,,,,,ongoing,2026-09-01
CON-P0118,P0118,CTR-25,2020-11-23,2021-01-01,2023-08-01,31,465.8,2024-08-01,43.0,12.0,508.1,9.08,completed,2026-09-01
CON-P0120,P0120,CTR-17,2021-04-11,2021-06-01,2025-03-01,45,1206.6,2025-05-01,47.0,2.0,1428.5,18.39,completed,2026-09-01
CON-P0136,P0136,CTR-28,2015-09-25,2015-11-01,2022-04-01,77,3369.5,2022-09-01,82.0,5.0,4066.6,20.69,completed,2026-09-01
CON-P0137,P0137,CTR-05,2019-03-01,2019-06-01,2022-01-01,31,259.1,2022-05-01,35.0,4.0,321.8,24.2,completed,2026-09-01
CON-P0139,P0139,CTR-06,2019-04-09,2019-07-01,2025-11-01,76,805.9,2026-05-01,82.0,6.0,897.0,11.3,completed,2026-09-01
CON-P0141,P0141,CTR-12,2024-10-08,2025-01-01,2027-01-01,24,181.8,,,,,,ongoing,2026-09-01
CON-P0155,P0155,CTR-26,2024-04-17,2024-06-01,2027-03-01,33,479.1,,,,,,ongoing,2026-09-01
CON-P0165,P0165,CTR-06,2025-04-24,2025-06-01,2027-04-01,22,621.3,,,,,,ongoing,2026-09-01
CON-P0168,P0168,CTR-05,2025-11-27,2026-03-01,2028-04-01,25,243.4,,,,,,ongoing,2026-09-01
CON-P0174,P0174,CTR-08,2022-02-15,2022-05-01,2027-08-01,63,427.1,,,,,,ongoing,2026-09-01
CON-P0192,P0192,CTR-06,2015-03-22,2015-06-01,2021-07-01,73,150.0,2021-10-01,76.0,3.0,172.5,15.0,completed,2026-09-01
CON-P0196,P0196,CTR-08,2026-02-23,2026-04-01,2028-04-01,24,620.5,,,,,,ongoing,2026-09-01
CON-P0198,P0198,CTR-19,2024-12-10,2025-02-01,2028-06-01,40,597.0,,,,,,ongoing,2026-09-01
CON-P0199,P0199,CTR-09,2024-12-07,2025-01-01,2029-05-01,52,730.6,,,,,,ongoing,2026-09-01
CON-P0204,P0204,CTR-28,2024-07-10,2024-08-01,2030-09-01,73,240.6,,,,,,ongoing,2026-09-01
CON-P0208,P0208,CTR-12,2015-11-06,2016-02-01,2022-03-01,73,252.5,2022-05-01,75.0,2.0,266.1,5.39,completed,2026-09-01
CON-P0209,P0209,CTR-30,2024-09-27,2024-11-01,2028-05-01,42,848.7,,,,,,ongoing,2026-09-01
CON-P0210,P0210,CTR-21,2023-08-05,2023-11-01,2028-01-01,50,2174.4,,,,,,ongoing,2026-09-01
CON-P0211,P0211,CTR-24,2025-10-04,2026-01-01,2027-08-01,19,2869.5,,,,,,ongoing,2026-09-01
CON-P0213,P0213,CTR-13,2022-07-08,2022-10-01,2029-01-01,75,205.8,,,,,,ongoing,2026-09-01
CON-P0215,P0215,CTR-08,2015-04-17,2015-07-01,2018-12-01,41,3496.3,2019-05-01,46.0,5.0,3283.0,-6.1,completed,2026-09-01
CON-P0218,P0218,CTR-05,2026-01-19,2026-03-01,2029-04-01,37,150.0,,,,,,ongoing,2026-09-01
CON-P0227,P0227,CTR-29,2021-06-18,2021-09-01,2023-03-01,18,684.8,2023-07-01,22.0,4.0,751.4,9.73,completed,2026-09-01
CON-P0231,P0231,CTR-30,2025-09-11,2025-10-01,2029-12-01,50,238.1,,,,,,ongoing,2026-09-01
CON-P0235,P0235,CTR-19,2023-05-28,2023-07-01,2025-08-01,25,983.2,2025-10-01,27.0,2.0,1180.0,20.02,completed,2026-09-01
CON-P0239,P0239,CTR-30,2025-12-23,2026-03-01,2029-01-01,34,788.3,,,,,,ongoing,2026-09-01
CON-P0244,P0244,CTR-20,2025-01-11,2025-02-01,2026-08-01,18,241.4,,,,,,ongoing,2026-09-01
CON-P0247,P0247,CTR-18,2024-07-29,2024-10-01,2027-09-01,35,3952.2,,,,,,ongoing,2026-09-01
CON-P0250,P0250,CTR-18,2019-12-02,2020-02-01,2025-09-01,67,408.7,2025-09-01,67.0,0.0,487.3,19.23,completed,2026-09-01
CON-P0260,P0260,CTR-14,2017-08-04,2017-09-01,2019-03-01,18,4714.4,2019-07-01,22.0,4.0,5291.9,12.25,completed,2026-09-01
CON-P0265,P0265,CTR-20,2025-10-04,2025-12-01,2028-08-01,32,410.3,,,,,,ongoing,2026-09-01
CON-P0275,P0275,CTR-03,2026-06-08,2026-08-01,2028-07-01,23,1659.8,,,,,,ongoing,2026-09-01
CON-P0280,P0280,CTR-23,2023-10-05,2023-12-01,2026-10-01,34,415.9,,,,,,ongoing,2026-09-01
CON-P0286,P0286,CTR-26,2022-07-22,2022-10-01,2026-11-01,49,164.8,,,,,,ongoing,2026-09-01
CON-P0290,P0290,CTR-07,2025-01-14,2025-03-01,2026-09-01,18,150.0,,,,,,ongoing,2026-09-01
CON-P0291,P0291,CTR-04,2022-06-08,2022-09-01,2027-05-01,56,957.8,,,,,,ongoing,2026-09-01
CON-P0292,P0292,CTR-14,2023-05-07,2023-08-01,2029-03-01,67,305.1,,,,,,ongoing,2026-09-01
CON-P0294,P0294,CTR-05,2025-03-15,2025-06-01,2027-01-01,19,487.8,,,,,,ongoing,2026-09-01
CON-P0298,P0298,CTR-22,2015-02-04,2015-04-01,2019-03-01,47,6198.5,2020-07-01,63.0,16.0,6454.5,4.13,completed,2026-09-01
CON-P0299,P0299,CTR-16,2025-08-03,2025-11-01,2031-01-01,62,728.9,,,,,,ongoing,2026-09-01
CON-P0302,P0302,CTR-17,2024-12-13,2025-02-01,2026-12-01,22,414.8,,,,,,ongoing,2026-09-01
CON-P0306,P0306,CTR-16,2019-05-27,2019-08-01,2024-11-01,63,639.1,2025-05-01,69.0,6.0,727.3,13.8,completed,2026-09-01
CON-P0309,P0309,CTR-28,2025-07-14,2025-09-01,2027-12-01,27,1534.1,,,,,,ongoing,2026-09-01
CON-P0312,P0312,CTR-18,2020-07-08,2020-10-01,2022-06-01,20,839.2,2023-01-01,27.0,7.0,1000.5,19.22,completed,2026-09-01
CON-P0314,P0314,CTR-10,2025-08-16,2025-10-01,2028-01-01,27,952.8,,,,,,ongoing,2026-09-01
CON-P0316,P0316,CTR-25,2018-07-31,2018-10-01,2020-05-01,19,925.2,2020-07-01,21.0,2.0,967.2,4.54,completed,2026-09-01
CON-P0321,P0321,CTR-09,2016-04-11,2016-07-01,2022-12-01,77,150.0,2023-08-01,85.0,8.0,172.7,15.13,completed,2026-09-01
CON-P0323,P0323,CTR-11,2022-04-29,2022-06-01,2025-03-01,33,639.0,2025-06-01,36.0,3.0,725.4,13.52,completed,2026-09-01
CON-P0326,P0326,CTR-20,2024-11-08,2024-12-01,2029-02-01,50,763.9,,,,,,ongoing,2026-09-01
CON-P0328,P0328,CTR-16,2025-06-13,2025-09-01,2029-07-01,46,513.0,,,,,,ongoing,2026-09-01
CON-P0333,P0333,CTR-14,2018-06-15,2018-09-01,2021-02-01,29,1008.1,2021-05-01,32.0,3.0,1120.9,11.19,completed,2026-09-01
CON-P0334,P0334,CTR-27,2021-11-06,2021-12-01,2027-10-01,70,796.9,,,,,,ongoing,2026-09-01
CON-P0338,P0338,CTR-18,2025-10-30,2026-02-01,2031-02-01,60,633.4,,,,,,ongoing,2026-09-01
CON-P0344,P0344,CTR-10,2018-11-10,2018-12-01,2025-03-01,75,1379.4,2025-03-01,75.0,0.0,1564.0,13.38,completed,2026-09-01
CON-P0346,P0346,CTR-16,2018-10-12,2018-11-01,2023-04-01,53,515.0,2023-04-01,53.0,0.0,538.5,4.56,completed,2026-09-01
CON-P0351,P0351,CTR-23,2026-03-03,2026-04-01,2031-03-01,59,461.6,,,,,,ongoing,2026-09-01
CON-P0352,P0352,CTR-23,2022-05-05,2022-07-01,2028-11-01,76,917.9,,,,,,ongoing,2026-09-01
CON-P0357,P0357,CTR-21,2025-05-03,2025-07-01,2027-12-01,29,249.5,,,,,,ongoing,2026-09-01
CON-P0360,P0360,CTR-13,2014-05-07,2014-06-01,2020-07-01,73,382.2,2021-01-01,79.0,6.0,402.2,5.23,completed,2026-09-01
CON-P0361,P0361,CTR-09,2025-08-16,2025-10-01,2030-05-01,55,902.9,,,,,,ongoing,2026-09-01
CON-P0363,P0363,CTR-28,2026-03-24,2026-05-01,2027-11-01,18,155.3,,,,,,ongoing,2026-09-01
CON-P0365,P0365,CTR-27,2022-10-04,2023-01-01,2029-04-01,75,315.7,,,,,,ongoing,2026-09-01
CON-P0367,P0367,CTR-29,2019-05-05,2019-07-01,2021-01-01,18,1479.9,2021-06-01,23.0,5.0,1602.4,8.28,completed,2026-09-01
CON-P0368,P0368,CTR-05,2025-09-24,2025-11-01,2030-04-01,53,150.0,,,,,,ongoing,2026-09-01
CON-P0370,P0370,CTR-12,2019-07-01,2019-10-01,2024-11-01,61,2242.0,2025-08-01,70.0,9.0,2568.2,14.55,completed,2026-09-01
CON-P0375,P0375,CTR-24,2025-02-19,2025-04-01,2030-08-01,64,2987.6,,,,,,ongoing,2026-09-01
CON-P0381,P0381,CTR-01,2016-09-15,2016-12-01,2020-05-01,41,3425.4,2020-05-01,41.0,0.0,3908.0,14.09,completed,2026-09-01
CON-P0390,P0390,CTR-17,2019-02-21,2019-05-01,2024-06-01,61,597.5,2024-11-01,66.0,5.0,631.0,5.61,completed,2026-09-01
CON-P0394,P0394,CTR-20,2022-02-23,2022-05-01,2024-07-01,26,150.0,2024-09-01,28.0,2.0,149.1,-0.6,completed,2026-09-01
CON-P0396,P0396,CTR-09,2018-07-17,2018-10-01,2020-11-01,25,150.0,2020-11-01,25.0,0.0,155.0,3.33,completed,2026-09-01
CON-P0398,P0398,CTR-23,2023-02-17,2023-04-01,2026-05-01,37,150.0,,,,,,ongoing,2026-09-01
CON-P0404,P0404,CTR-07,2022-02-01,2022-04-01,2025-02-01,34,1646.3,2025-02-01,34.0,0.0,1676.3,1.82,completed,2026-09-01
CON-P0405,P0405,CTR-15,2024-12-22,2025-02-01,2028-07-01,41,171.9,,,,,,ongoing,2026-09-01
CON-P0409,P0409,CTR-02,2019-10-07,2020-01-01,2026-02-01,73,624.8,2026-02-01,73.0,0.0,694.0,11.08,completed,2026-09-01
CON-P0412,P0412,CTR-25,2019-09-07,2019-12-01,2024-10-01,58,150.0,2024-10-01,58.0,0.0,146.3,-2.47,completed,2026-09-01
CON-P0417,P0417,CTR-08,2021-03-24,2021-06-01,2025-02-01,44,544.3,2025-06-01,48.0,4.0,593.4,9.02,completed,2026-09-01
CON-P0422,P0422,CTR-11,2019-02-09,2019-03-01,2025-01-01,70,343.8,2025-02-01,71.0,1.0,416.5,21.15,completed,2026-09-01
CON-P0426,P0426,CTR-04,2016-03-14,2016-06-01,2019-09-01,39,150.0,2019-10-01,40.0,1.0,165.8,10.53,completed,2026-09-01
CON-P0428,P0428,CTR-02,2022-09-16,2022-11-01,2027-04-01,53,167.3,,,,,,ongoing,2026-09-01
CON-P0429,P0429,CTR-10,2017-01-15,2017-03-01,2023-08-01,77,1141.0,2023-08-01,77.0,0.0,1280.1,12.19,completed,2026-09-01
CON-P0430,P0430,CTR-01,2023-06-25,2023-09-01,2025-09-01,24,301.9,2025-09-01,24.0,0.0,277.8,-7.98,completed,2026-09-01
CON-P0431,P0431,CTR-01,2016-06-15,2016-09-01,2020-06-01,45,434.7,2020-07-01,46.0,1.0,462.3,6.35,completed,2026-09-01
CON-P0440,P0440,CTR-28,2017-08-24,2017-11-01,2024-03-01,76,937.6,2024-03-01,76.0,0.0,1038.6,10.77,completed,2026-09-01
CON-P0444,P0444,CTR-15,2021-10-02,2021-12-01,2027-08-01,68,1109.5,,,,,,ongoing,2026-09-01
CON-P0447,P0447,CTR-15,2014-06-03,2014-08-01,2021-01-01,77,2876.2,2021-04-01,80.0,3.0,3538.0,23.01,completed,2026-09-01
CON-P0448,P0448,CTR-01,2018-02-20,2018-04-01,2023-09-01,65,1082.9,2023-09-01,65.0,0.0,1132.5,4.58,completed,2026-09-01
CON-P0449,P0449,CTR-24,2025-05-08,2025-07-01,2027-10-01,27,440.5,,,,,,ongoing,2026-09-01
CON-P0451,P0451,CTR-14,2025-04-09,2025-06-01,2030-05-01,59,4360.3,,,,,,ongoing,2026-09-01
CON-P0453,P0453,CTR-10,2020-12-31,2021-03-01,2027-02-01,71,1177.2,,,,,,ongoing,2026-09-01
CON-P0462,P0462,CTR-17,2025-05-02,2025-07-01,2027-04-01,21,269.2,,,,,,ongoing,2026-09-01
CON-P0464,P0464,CTR-12,2017-03-07,2017-06-01,2019-11-01,29,280.2,2020-10-01,40.0,11.0,321.1,14.6,completed,2026-09-01
CON-P0465,P0465,CTR-15,2025-01-06,2025-03-01,2030-11-01,68,881.9,,,,,,ongoing,2026-09-01
CON-P0473,P0473,CTR-02,2025-05-19,2025-08-01,2027-07-01,23,896.4,,,,,,ongoing,2026-09-01
CON-P0481,P0481,CTR-27,2022-05-13,2022-07-01,2024-10-01,27,866.3,2024-12-01,29.0,2.0,990.8,14.37,completed,2026-09-01
CON-P0482,P0482,CTR-10,2021-07-02,2021-08-01,2026-08-01,60,758.7,,,,,,ongoing,2026-09-01
CON-P0485,P0485,CTR-11,2023-04-29,2023-06-01,2026-01-01,31,1894.6,2026-01-01,31.0,0.0,2189.2,15.55,completed,2026-09-01
CON-P0486,P0486,CTR-03,2016-05-09,2016-08-01,2022-03-01,67,460.9,2022-08-01,72.0,5.0,545.8,18.42,completed,2026-09-01
CON-P0487,P0487,CTR-16,2021-07-23,2021-09-01,2024-02-01,29,3068.7,2024-02-01,29.0,0.0,3203.7,4.4,completed,2026-09-01
CON-P0493,P0493,CTR-19,2017-08-19,2017-11-01,2023-05-01,66,340.3,2023-05-01,66.0,0.0,343.6,0.97,completed,2026-09-01
CON-P0494,P0494,CTR-29,2024-05-16,2024-07-01,2028-06-01,47,150.0,,,,,,ongoing,2026-09-01
CON-P0500,P0500,CTR-21,2025-11-21,2026-01-01,2030-09-01,56,307.9,,,,,,ongoing,2026-09-01
CON-P0512,P0512,CTR-30,2025-09-13,2025-11-01,2028-05-01,30,1295.4,,,,,,ongoing,2026-09-01
CON-P0513,P0513,CTR-21,2022-08-12,2022-11-01,2028-08-01,69,805.9,,,,,,ongoing,2026-09-01
CON-P0516,P0516,CTR-05,2025-06-21,2025-08-01,2030-02-01,54,645.2,,,,,,ongoing,2026-09-01
CON-P0518,P0518,CTR-04,2020-06-17,2020-09-01,2023-06-01,33,6908.6,2023-06-01,33.0,0.0,8502.4,23.07,completed,2026-09-01
CON-P0519,P0519,CTR-29,2025-04-28,2025-07-01,2027-01-01,18,563.9,,,,,,ongoing,2026-09-01
CON-P0522,P0522,CTR-04,2023-01-28,2023-03-01,2029-01-01,70,1271.6,,,,,,ongoing,2026-09-01
CON-P0525,P0525,CTR-03,2017-04-20,2017-07-01,2019-12-01,29,609.2,2020-07-01,36.0,7.0,699.4,14.81,completed,2026-09-01
CON-P0531,P0531,CTR-26,2015-10-28,2015-12-01,2021-12-01,72,150.0,2022-02-01,74.0,2.0,162.3,8.2,completed,2026-09-01
CON-P0533,P0533,CTR-03,2025-09-23,2025-12-01,2030-06-01,54,495.9,,,,,,ongoing,2026-09-01
CON-P0536,P0536,CTR-20,2021-02-28,2021-06-01,2027-06-01,72,393.6,,,,,,ongoing,2026-09-01
CON-P0539,P0539,CTR-29,2022-02-27,2022-05-01,2028-07-01,74,546.5,,,,,,ongoing,2026-09-01
CON-P0542,P0542,CTR-26,2024-04-24,2024-07-01,2027-06-01,35,1667.9,,,,,,ongoing,2026-09-01
CON-P0543,P0543,CTR-03,2024-07-10,2024-10-01,2029-12-01,62,244.8,,,,,,ongoing,2026-09-01
CON-P0545,P0545,CTR-04,2016-07-14,2016-10-01,2022-06-01,68,859.8,2022-08-01,70.0,2.0,933.0,8.51,completed,2026-09-01
CON-P0549,P0549,CTR-21,2019-08-10,2019-11-01,2023-06-01,43,150.0,2023-11-01,48.0,5.0,164.3,9.53,completed,2026-09-01
CON-P0569,P0569,CTR-09,2025-04-17,2025-06-01,2029-03-01,45,1590.3,,,,,,ongoing,2026-09-01
CON-P0570,P0570,CTR-30,2022-10-30,2022-12-01,2025-10-01,34,153.9,2025-11-01,35.0,1.0,173.9,13.0,completed,2026-09-01
CON-P0575,P0575,CTR-07,2019-04-01,2019-05-01,2025-01-01,68,185.3,2025-02-01,69.0,1.0,182.8,-1.35,completed,2026-09-01
CON-P0576,P0576,CTR-20,2023-11-16,2024-01-01,2026-10-01,33,150.0,,,,,,ongoing,2026-09-01
CON-P0578,P0578,CTR-22,2025-06-06,2025-07-01,2029-05-01,46,493.8,,,,,,ongoing,2026-09-01
CON-P0582,P0582,CTR-26,2022-05-19,2022-08-01,2028-06-01,70,186.5,,,,,,ongoing,2026-09-01
CON-P0583,P0583,CTR-11,2024-08-23,2024-11-01,2026-07-01,20,197.4,,,,,,ongoing,2026-09-01
CON-P0588,P0588,CTR-18,2025-12-01,2026-01-01,2027-11-01,22,640.9,,,,,,ongoing,2026-09-01
CON-P0589,P0589,CTR-10,2024-04-10,2024-06-01,2030-06-01,72,1349.9,,,,,,ongoing,2026-09-01
CON-P0590,P0590,CTR-20,2015-09-26,2015-11-01,2021-09-01,70,340.5,2022-06-01,79.0,9.0,332.6,-2.32,completed,2026-09-01
CON-P0591,P0591,CTR-02,2020-04-04,2020-07-01,2023-12-01,41,743.1,2024-02-01,43.0,2.0,842.4,13.36,completed,2026-09-01
CON-P0599,P0599,CTR-01,2026-04-14,2026-07-01,2029-02-01,31,985.2,,,,,,ongoing,2026-09-01
CON-P0603,P0603,CTR-02,2023-06-01,2023-08-01,2027-07-01,47,964.2,,,,,,ongoing,2026-09-01
CON-P0615,P0615,CTR-13,2024-08-08,2024-10-01,2029-09-01,59,653.8,,,,,,ongoing,2026-09-01
CON-P0625,P0625,CTR-25,2022-09-07,2022-12-01,2028-12-01,72,250.5,,,,,,ongoing,2026-09-01
CON-P0626,P0626,CTR-10,2025-02-08,2025-04-01,2028-05-01,37,771.6,,,,,,ongoing,2026-09-01
CON-P0629,P0629,CTR-25,2026-01-22,2026-03-01,2028-09-01,30,182.5,,,,,,ongoing,2026-09-01
CON-P0631,P0631,CTR-07,2025-01-15,2025-04-01,2030-09-01,65,150.0,,,,,,ongoing,2026-09-01
CON-P0649,P0649,CTR-15,2016-09-04,2016-11-01,2023-02-01,75,150.0,2023-06-01,79.0,4.0,170.1,13.4,completed,2026-09-01
CON-P0652,P0652,CTR-19,2014-09-15,2014-12-01,2019-12-01,60,150.0,2020-04-01,64.0,4.0,182.3,21.53,completed,2026-09-01
CON-P0657,P0657,CTR-21,2025-04-22,2025-06-01,2027-07-01,25,1451.9,,,,,,ongoing,2026-09-01
CON-P0658,P0658,CTR-24,2025-09-26,2025-11-01,2029-06-01,43,150.0,,,,,,ongoing,2026-09-01
CON-P0664,P0664,CTR-05,2024-04-17,2024-07-01,2028-04-01,45,194.1,,,,,,ongoing,2026-09-01
CON-P0668,P0668,CTR-06,2018-12-11,2019-02-01,2023-01-01,47,466.9,2023-07-01,53.0,6.0,584.8,25.25,completed,2026-09-01
CON-P0669,P0669,CTR-18,2017-05-04,2017-06-01,2020-08-01,38,150.0,2020-11-01,41.0,3.0,155.2,3.47,completed,2026-09-01
CON-P0673,P0673,CTR-13,2025-06-12,2025-09-01,2027-08-01,23,891.5,,,,,,ongoing,2026-09-01
CON-P0675,P0675,CTR-08,2013-10-22,2014-01-01,2020-03-01,74,199.3,2020-09-01,80.0,6.0,228.8,14.8,completed,2026-09-01
CON-P0678,P0678,CTR-09,2024-01-18,2024-04-01,2027-02-01,34,858.3,,,,,,ongoing,2026-09-01
CON-P0688,P0688,CTR-17,2025-01-23,2025-04-01,2028-01-01,33,2005.3,,,,,,ongoing,2026-09-01
CON-P0693,P0693,CTR-25,2022-03-24,2022-06-01,2026-07-01,49,177.2,,,,,,ongoing,2026-09-01
CON-P0697,P0697,CTR-09,2024-03-31,2024-07-01,2027-05-01,34,1182.4,,,,,,ongoing,2026-09-01
CON-P0709,P0709,CTR-16,2024-09-27,2024-11-01,2027-09-01,34,1292.4,,,,,,ongoing,2026-09-01
CON-P0711,P0711,CTR-09,2025-07-31,2025-09-01,2029-05-01,44,501.5,,,,,,ongoing,2026-09-01
CON-P0714,P0714,CTR-23,2022-08-28,2022-11-01,2028-12-01,73,1129.3,,,,,,ongoing,2026-09-01
CON-P0718,P0718,CTR-12,2025-05-03,2025-07-01,2029-10-01,51,458.7,,,,,,ongoing,2026-09-01
CON-P0730,P0730,CTR-09,2024-08-22,2024-10-01,2027-07-01,33,1765.9,,,,,,ongoing,2026-09-01
CON-P0731,P0731,CTR-13,2012-09-11,2012-10-01,2019-02-01,76,241.6,2020-03-01,89.0,13.0,263.7,9.15,completed,2026-09-01
CON-P0734,P0734,CTR-16,2023-06-05,2023-08-01,2025-11-01,27,1094.1,2026-01-01,29.0,2.0,1335.8,22.09,completed,2026-09-01
CON-P0739,P0739,CTR-21,2016-01-30,2016-04-01,2022-08-01,76,253.8,2022-09-01,77.0,1.0,272.9,7.53,completed,2026-09-01
CON-P0741,P0741,CTR-28,2016-11-19,2017-01-01,2022-05-01,64,2878.1,2023-02-01,73.0,9.0,3253.4,13.04,completed,2026-09-01
CON-P0743,P0743,CTR-22,2024-12-18,2025-02-01,2027-08-01,30,197.3,,,,,,ongoing,2026-09-01
CON-P0744,P0744,CTR-12,2024-12-24,2025-03-01,2027-06-01,27,1278.3,,,,,,ongoing,2026-09-01
CON-P0745,P0745,CTR-13,2024-05-14,2024-08-01,2027-06-01,34,460.7,,,,,,ongoing,2026-09-01
CON-P0751,P0751,CTR-29,2017-10-30,2018-02-01,2022-06-01,52,452.2,2022-08-01,54.0,2.0,496.2,9.73,completed,2026-09-01
CON-P0756,P0756,CTR-07,2019-02-18,2019-05-01,2020-11-01,18,3037.5,2020-11-01,18.0,0.0,3067.6,0.99,completed,2026-09-01
CON-P0768,P0768,CTR-23,2019-06-15,2019-08-01,2025-03-01,67,150.0,2026-03-01,79.0,12.0,179.5,19.67,completed,2026-09-01
CON-P0774,P0774,CTR-15,2016-11-17,2017-02-01,2019-12-01,34,694.3,2020-06-01,40.0,6.0,793.2,14.24,completed,2026-09-01
CON-P0777,P0777,CTR-17,2018-03-17,2018-06-01,2021-11-01,41,371.6,2021-11-01,41.0,0.0,376.2,1.24,completed,2026-09-01
CON-P0778,P0778,CTR-19,2024-09-15,2024-11-01,2030-06-01,67,1350.2,,,,,,ongoing,2026-09-01
CON-P0779,P0779,CTR-03,2024-10-28,2025-01-01,2028-12-01,47,948.3,,,,,,ongoing,2026-09-01
CON-P0783,P0783,CTR-22,2019-10-01,2019-11-01,2025-05-01,66,1995.6,2026-03-01,76.0,10.0,2039.7,2.21,completed,2026-09-01
CON-P0787,P0787,CTR-04,2021-05-01,2021-08-01,2024-11-01,39,213.4,2025-07-01,47.0,8.0,254.7,19.35,completed,2026-09-01
CON-P0789,P0789,CTR-20,2025-10-24,2025-12-01,2028-10-01,34,396.7,,,,,,ongoing,2026-09-01
CON-P0794,P0794,CTR-24,2025-01-05,2025-02-01,2027-12-01,34,1731.8,,,,,,ongoing,2026-09-01
CON-P0800,P0800,CTR-17,2018-06-10,2018-08-01,2023-10-01,62,2041.7,2024-03-01,67.0,5.0,2192.0,7.36,completed,2026-09-01
CON-P0801,P0801,CTR-19,2020-10-12,2020-11-01,2026-08-01,69,1576.1,,,,,,ongoing,2026-09-01
CON-P0807,P0807,CTR-13,2021-08-13,2021-10-01,2027-10-01,72,249.0,,,,,,ongoing,2026-09-01
CON-P0809,P0809,CTR-18,2022-06-03,2022-09-01,2025-06-01,33,330.7,2025-09-01,36.0,3.0,354.8,7.29,completed,2026-09-01
CON-P0820,P0820,CTR-03,2021-09-25,2021-11-01,2026-12-01,61,365.5,,,,,,ongoing,2026-09-01
CON-P0826,P0826,CTR-03,2018-07-07,2018-08-01,2020-10-01,26,289.4,2021-04-01,32.0,6.0,305.0,5.39,completed,2026-09-01
CON-P0827,P0827,CTR-22,2025-07-14,2025-09-01,2030-07-01,58,382.8,,,,,,ongoing,2026-09-01
CON-P0829,P0829,CTR-13,2025-03-08,2025-04-01,2027-04-01,24,214.0,,,,,,ongoing,2026-09-01
CON-P0832,P0832,CTR-30,2018-09-26,2018-11-01,2025-03-01,76,150.0,2025-03-01,76.0,0.0,149.9,-0.07,completed,2026-09-01
CON-P0834,P0834,CTR-29,2016-03-31,2016-07-01,2022-10-01,75,561.3,2023-06-01,83.0,8.0,578.9,3.14,completed,2026-09-01
CON-P0837,P0837,CTR-30,2021-08-03,2021-09-01,2026-06-01,57,164.0,2026-06-01,57.0,0.0,168.5,2.74,completed,2026-09-01
CON-P0843,P0843,CTR-26,2022-09-04,2022-10-01,2025-10-01,36,925.3,2026-03-01,41.0,5.0,1016.7,9.88,completed,2026-09-01
CON-P0845,P0845,CTR-09,2019-10-18,2019-12-01,2024-12-01,60,1068.2,2025-09-01,69.0,9.0,1306.4,22.3,completed,2026-09-01
CON-P0850,P0850,CTR-30,2024-10-28,2025-01-01,2028-03-01,38,1617.5,,,,,,ongoing,2026-09-01
CON-P0857,P0857,CTR-27,2020-09-10,2020-10-01,2023-09-01,35,449.9,2024-03-01,41.0,6.0,464.4,3.22,completed,2026-09-01
CON-P0862,P0862,CTR-21,2018-11-12,2019-02-01,2022-02-01,36,279.9,2022-04-01,38.0,2.0,288.9,3.22,completed,2026-09-01
CON-P0874,P0874,CTR-25,2025-12-13,2026-03-01,2029-03-01,36,199.1,,,,,,ongoing,2026-09-01
CON-P0885,P0885,CTR-23,2023-06-23,2023-08-01,2028-09-01,61,391.0,,,,,,ongoing,2026-09-01
CON-P0891,P0891,CTR-06,2026-04-11,2026-06-01,2027-12-01,18,213.0,,,,,,ongoing,2026-09-01
CON-P0894,P0894,CTR-29,2018-10-13,2018-12-01,2023-07-01,55,305.8,2024-06-01,66.0,11.0,275.2,-10.01,completed,2026-09-01
CON-P0895,P0895,CTR-04,2024-09-29,2025-01-01,2030-08-01,67,273.7,,,,,,ongoing,2026-09-01
CON-P0897,P0897,CTR-16,2020-09-24,2020-12-01,2024-09-01,45,1513.2,2025-01-01,49.0,4.0,1743.2,15.2,completed,2026-09-01
