milestone_id,project_id,milestone_seq,milestone_due_date,milestone_completion_date,completed_on_time,milestone_status
P0005-M01,P0005,1,2024-03-26,2024-04-18,0.0,completed
P0005-M02,P0005,2,2024-09-26,2024-09-03,1.0,completed
P0005-M03,P0005,3,2025-02-21,2025-04-17,0.0,completed
P0005-M04,P0005,4,2025-06-09,2025-08-31,0.0,completed
P0005-M05,P0005,5,2025-11-19,2026-01-03,0.0,completed
P0005-M06,P0005,6,2026-03-06,2026-07-04,0.0,completed
P0005-M07,P0005,7,2026-08-05,,,open
P0005-M08,P0005,8,2027-04-02,,,open
P0005-M09,P0005,9,2027-11-01,,,open
P0007-M01,P0007,1,2020-08-31,2020-08-12,1.0,completed
P0007-M02,P0007,2,2020-12-25,2021-01-24,0.0,completed
P0007-M03,P0007,3,2021-05-26,2021-05-18,1.0,completed
P0007-M04,P0007,4,2021-11-16,2021-11-17,0.0,completed
P0010-M01,P0010,1,2024-07-08,2024-07-17,0.0,completed
P0010-M02,P0010,2,2025-01-05,2025-01-31,0.0,completed
P0010-M03,P0010,3,2025-07-25,2025-07-13,1.0,completed
P0010-M04,P0010,4,2025-12-05,2025-12-03,1.0,completed
P0010-M05,P0010,5,2026-04-19,2026-05-28,0.0,completed
P0010-M06,P0010,6,2027-02-04,,,open
P0010-M07,P0010,7,2027-07-11,,,open
P0010-M08,P0010,8,2027-12-14,,,open
P0010-M09,P0010,9,2028-05-19,,,open
P0010-M10,P0010,10,2028-10-22,,,open
P0010-M11,P0010,11,2029-03-28,,,open
P0010-M12,P0010,12,2029-09-01,,,open
P0023-M01,P0023,1,2017-04-07,2017-04-04,1.0,completed
P0023-M02,P0023,2,2017-10-09,2017-10-26,0.0,completed
P0023-M03,P0023,3,2018-03-04,2018-03-26,0.0,completed
P0023-M04,P0023,4,2018-08-21,2018-08-31,0.0,completed
P0023-M05,P0023,5,2019-01-30,2019-02-27,0.0,completed
P0023-M06,P0023,6,2019-06-20,2019-06-05,1.0,completed
P0023-M07,P0023,7,2019-11-28,2019-11-07,1.0,completed
P0023-M08,P0023,8,2020-04-06,2020-05-29,0.0,completed
P0023-M09,P0023,9,2020-10-17,2020-11-14,0.0,completed
P0023-M10,P0023,10,2021-07-30,2021-08-16,0.0,completed
P0025-M01,P0025,1,2022-05-21,2022-08-27,0.0,completed
P0025-M02,P0025,2,2022-11-09,2023-02-12,0.0,completed
P0025-M03,P0025,3,2023-05-22,2023-09-25,0.0,completed
P0025-M04,P0025,4,2023-10-27,2024-03-14,0.0,completed
P0025-M05,P0025,5,2024-03-18,2024-08-22,0.0,completed
P0025-M06,P0025,6,2024-07-30,2024-12-30,0.0,completed
P0025-M07,P0025,7,2024-12-23,2025-05-16,0.0,completed
P0025-M08,P0025,8,2025-05-25,2025-09-22,0.0,completed
P0025-M09,P0025,9,2025-11-12,2026-02-27,0.0,completed
P0025-M10,P0025,10,2026-05-19,2026-07-18,0.0,completed
P0025-M11,P0025,11,2027-03-01,,,open
P0029-M01,P0029,1,2018-07-12,2018-06-15,1.0,completed
P0029-M02,P0029,2,2018-12-19,2018-12-09,1.0,completed
P0029-M03,P0029,3,2019-04-22,2019-04-24,0.0,completed
P0029-M04,P0029,4,2019-09-13,2019-10-07,0.0,completed
P0029-M05,P0029,5,2020-02-23,2020-04-18,0.0,completed
P0029-M06,P0029,6,2020-09-30,2020-12-14,0.0,completed
P0030-M01,P0030,1,2015-06-03,2015-09-28,0.0,completed
P0030-M02,P0030,2,2016-01-10,2016-05-16,0.0,completed
P0030-M03,P0030,3,2016-06-20,2016-10-25,0.0,completed
P0030-M04,P0030,4,2016-11-04,2017-03-17,0.0,completed
P0030-M05,P0030,5,2017-04-13,2017-09-18,0.0,completed
P0030-M06,P0030,6,2017-09-20,2018-02-18,0.0,completed
P0030-M07,P0030,7,2018-02-20,2018-06-28,0.0,completed
P0030-M08,P0030,8,2018-07-26,2018-11-02,0.0,completed
P0030-M09,P0030,9,2018-12-26,2019-04-08,0.0,completed
P0030-M10,P0030,10,2019-05-19,2019-10-05,0.0,completed
P0030-M11,P0030,11,2019-12-31,2020-03-17,0.0,completed
P0030-M12,P0030,12,2020-09-24,2020-12-29,0.0,completed
P0031-M01,P0031,1,2018-06-29,2018-05-25,1.0,completed
P0031-M02,P0031,2,2018-12-16,2018-11-22,1.0,completed
P0031-M03,P0031,3,2019-05-19,2019-03-29,1.0,completed
P0031-M04,P0031,4,2019-10-26,2019-07-17,1.0,completed
P0031-M05,P0031,5,2020-03-07,2019-11-10,1.0,completed
P0031-M06,P0031,6,2020-08-03,2020-04-23,1.0,completed
P0031-M07,P0031,7,2021-01-08,2020-10-10,1.0,completed
P0031-M08,P0031,8,2021-06-05,2021-05-16,1.0,completed
P0031-M09,P0031,9,2022-03-12,2022-03-03,1.0,completed
P0033-M01,P0033,1,2020-07-05,2020-06-19,1.0,completed
P0033-M02,P0033,2,2021-02-12,2021-01-28,1.0,completed
P0033-M03,P0033,3,2021-07-11,2021-06-27,1.0,completed
P0033-M04,P0033,4,2021-12-19,2021-10-15,1.0,completed
P0033-M05,P0033,5,2022-05-15,2022-04-28,1.0,completed
P0033-M06,P0033,6,2022-10-11,2022-09-21,1.0,completed
P0033-M07,P0033,7,2023-03-22,2023-02-14,1.0,completed
P0033-M08,P0033,8,2023-08-28,2023-07-29,1.0,completed
P0033-M09,P0033,9,2024-01-24,2024-01-12,1.0,completed
P0033-M10,P0033,10,2024-08-08,2024-10-20,0.0,completed
P0033-M11,P0033,11,2025-05-07,2025-08-03,0.0,completed
P0039-M01,P0039,1,2021-10-30,2021-09-07,1.0,completed
P0039-M02,P0039,2,2022-04-07,2022-03-13,1.0,completed
P0039-M03,P0039,3,2022-10-27,2022-10-20,1.0,completed
P0039-M04,P0039,4,2023-03-27,2023-03-31,0.0,completed
P0039-M05,P0039,5,2023-08-14,2023-08-26,0.0,completed
P0039-M06,P0039,6,2023-12-17,2024-01-12,0.0,completed
P0039-M07,P0039,7,2024-05-26,2024-06-03,0.0,completed
P0039-M08,P0039,8,2024-10-16,2024-12-20,0.0,completed
P0039-M09,P0039,9,2025-04-12,2025-05-31,0.0,completed
P0039-M10,P0039,10,2025-10-21,2026-01-14,0.0,completed
P0039-M11,P0039,11,2026-07-15,,,open
P0044-M01,P0044,1,2022-03-09,2022-01-12,1.0,completed
P0044-M02,P0044,2,2022-09-28,2022-07-11,1.0,completed
P0044-M03,P0044,3,2023-03-06,2023-01-28,1.0,completed
P0044-M04,P0044,4,2023-07-11,2023-06-06,1.0,completed
P0044-M05,P0044,5,2023-12-14,2023-11-12,1.0,completed
P0044-M06,P0044,6,2024-04-14,2024-03-29,1.0,completed
P0044-M07,P0044,7,2024-09-18,2024-08-01,1.0,completed
P0044-M08,P0044,8,2025-03-01,2024-12-07,1.0,completed
P0044-M09,P0044,9,2025-06-14,2025-05-27,1.0,completed
P0044-M10,P0044,10,2025-12-12,2025-11-05,1.0,completed
P0044-M11,P0044,11,2026-06-11,2026-05-08,1.0,completed
P0044-M12,P0044,12,2027-04-01,,,open
P0049-M01,P0049,1,2022-05-24,2022-05-16,1.0,completed
P0049-M02,P0049,2,2022-11-19,2022-11-04,1.0,completed
P0049-M03,P0049,3,2023-03-20,2023-05-29,0.0,completed
P0049-M04,P0049,4,2023-08-03,2023-10-30,0.0,completed
P0049-M05,P0049,5,2024-02-28,2024-04-27,0.0,completed
P0049-M06,P0049,6,2024-10-13,2024-12-08,0.0,completed
P0054-M01,P0054,1,2024-06-11,2024-09-28,0.0,completed
P0054-M02,P0054,2,2024-12-09,2025-04-09,0.0,completed
P0054-M03,P0054,3,2025-04-11,2025-12-30,0.0,completed
P0054-M04,P0054,4,2025-10-28,2026-08-21,0.0,completed
P0054-M05,P0054,5,2026-05-20,,,open
P0055-M01,P0055,1,2025-09-27,2025-10-31,0.0,completed
P0055-M02,P0055,2,2026-04-01,2026-04-18,0.0,completed
P0055-M03,P0055,3,2026-08-15,,,open
P0055-M04,P0055,4,2027-02-23,,,open
P0055-M05,P0055,5,2027-08-17,,,open
P0055-M06,P0055,6,2028-02-08,,,open
P0055-M07,P0055,7,2028-08-01,,,open
P0060-M01,P0060,1,2023-07-12,2023-10-15,0.0,completed
P0060-M02,P0060,2,2023-12-08,2024-04-26,0.0,completed
P0060-M03,P0060,3,2024-04-05,2024-09-11,0.0,completed
P0060-M04,P0060,4,2024-09-18,2025-01-15,0.0,completed
P0060-M05,P0060,5,2025-01-26,2025-05-04,0.0,completed
P0060-M06,P0060,6,2025-06-05,2025-11-27,0.0,completed
P0060-M07,P0060,7,2026-02-20,2026-07-02,0.0,completed
P0063-M01,P0063,1,2026-06-05,2026-05-30,1.0,completed
P0063-M02,P0063,2,2027-02-05,,,open
P0063-M03,P0063,3,2027-07-12,,,open
P0063-M04,P0063,4,2027-12-16,,,open
P0063-M05,P0063,5,2028-05-21,,,open
P0063-M06,P0063,6,2028-10-25,,,open
P0063-M07,P0063,7,2029-04-01,,,open
P0065-M01,P0065,1,2026-01-17,2026-04-14,0.0,completed
P0065-M02,P0065,2,2026-07-07,,,open
P0065-M03,P0065,3,2027-02-08,,,open
P0065-M04,P0065,4,2027-07-19,,,open
P0065-M05,P0065,5,2027-12-27,,,open
P0065-M06,P0065,6,2028-06-05,,,open
P0065-M07,P0065,7,2028-11-13,,,open
P0065-M08,P0065,8,2029-04-23,,,open
P0065-M09,P0065,9,2029-10-01,,,open
P0066-M01,P0066,1,2023-06-13,2023-06-11,1.0,completed
P0066-M02,P0066,2,2023-11-12,2024-01-26,0.0,completed
P0066-M03,P0066,3,2024-04-18,2024-07-28,0.0,completed
P0066-M04,P0066,4,2024-08-21,2024-12-11,0.0,completed
P0066-M05,P0066,5,2025-01-01,2025-06-20,0.0,completed
P0066-M06,P0066,6,2025-05-17,2025-11-22,0.0,completed
P0066-M07,P0066,7,2025-10-05,2026-05-13,0.0,completed
P0066-M08,P0066,8,2026-06-28,,,open
P0067-M01,P0067,1,2023-06-02,2023-10-08,0.0,completed
P0067-M02,P0067,2,2023-12-18,2024-06-24,0.0,completed
P0067-M03,P0067,3,2024-05-10,2024-12-30,0.0,completed
P0067-M04,P0067,4,2024-10-17,2025-05-06,0.0,completed
P0067-M05,P0067,5,2025-03-15,2025-10-04,0.0,completed
P0067-M06,P0067,6,2025-08-17,2026-02-03,0.0,completed
P0067-M07,P0067,7,2026-01-20,2026-08-12,0.0,completed
P0067-M08,P0067,8,2026-06-05,,,open
P0067-M09,P0067,9,2027-04-01,,,open
P0070-M01,P0070,1,2015-02-05,2015-01-07,1.0,completed
P0070-M02,P0070,2,2015-08-07,2015-07-11,1.0,completed
P0070-M03,P0070,3,2016-01-14,2015-12-26,1.0,completed
P0070-M04,P0070,4,2016-06-22,2016-05-24,1.0,completed
P0070-M05,P0070,5,2016-11-26,2016-11-23,1.0,completed
P0070-M06,P0070,6,2017-03-06,2017-05-01,0.0,completed
P0070-M07,P0070,7,2017-08-09,2017-09-15,0.0,completed
P0070-M08,P0070,8,2018-01-05,2018-02-22,0.0,completed
P0070-M09,P0070,9,2018-06-11,2018-09-11,0.0,completed
P0070-M10,P0070,10,2018-12-19,2019-05-27,0.0,completed
P0070-M11,P0070,11,2019-09-29,2020-04-16,0.0,completed
P0072-M01,P0072,1,2022-12-27,2023-01-29,0.0,completed
P0072-M02,P0072,2,2023-07-02,2023-08-02,0.0,completed
P0072-M03,P0072,3,2023-12-04,2024-02-21,0.0,completed
P0072-M04,P0072,4,2024-05-30,2024-06-21,0.0,completed
P0072-M05,P0072,5,2024-10-14,2024-11-28,0.0,completed
P0072-M06,P0072,6,2025-02-14,2025-04-17,0.0,completed
P0072-M07,P0072,7,2025-07-02,2025-08-06,0.0,completed
P0072-M08,P0072,8,2025-11-04,2026-01-04,0.0,completed
P0072-M09,P0072,9,2026-04-26,2026-06-25,0.0,completed
P0072-M10,P0072,10,2027-02-15,,,open
P0072-M11,P0072,11,2027-08-01,,,open
P0072-M12,P0072,12,2028-01-15,,,open
P0072-M13,P0072,13,2028-07-01,,,open
P0076-M01,P0076,1,2026-04-07,2026-05-07,0.0,completed
P0076-M02,P0076,2,2027-02-06,,,open
P0076-M03,P0076,3,2027-07-14,,,open
P0076-M04,P0076,4,2027-12-19,,,open
P0076-M05,P0076,5,2028-05-26,,,open
P0076-M06,P0076,6,2028-10-31,,,open
P0076-M07,P0076,7,2029-04-07,,,open
P0076-M08,P0076,8,2029-09-13,,,open
P0076-M09,P0076,9,2030-02-18,,,open
P0076-M10,P0076,10,2030-07-26,,,open
P0076-M11,P0076,11,2031-01-01,,,open
P0077-M01,P0077,1,2020-05-10,2020-09-13,0.0,completed
P0077-M02,P0077,2,2020-11-23,2021-04-28,0.0,completed
P0077-M03,P0077,3,2021-05-13,2021-11-12,0.0,completed
P0077-M04,P0077,4,2021-10-16,2022-05-12,0.0,completed
P0077-M05,P0077,5,2022-03-11,2022-09-03,0.0,completed
P0077-M06,P0077,6,2022-08-20,2023-03-17,0.0,completed
P0077-M07,P0077,7,2023-01-15,2023-08-19,0.0,completed
P0077-M08,P0077,8,2023-06-07,2024-01-14,0.0,completed
P0077-M09,P0077,9,2023-11-17,2024-05-19,0.0,completed
P0077-M10,P0077,10,2024-05-10,2024-12-26,0.0,completed
P0077-M11,P0077,11,2024-12-01,2025-07-14,0.0,completed
P0077-M12,P0077,12,2025-09-20,2026-04-29,0.0,completed
P0078-M01,P0078,1,2023-04-26,2023-07-23,0.0,completed
P0078-M02,P0078,2,2023-10-11,2024-03-19,0.0,completed
P0078-M03,P0078,3,2024-02-26,2024-07-05,0.0,completed
P0078-M04,P0078,4,2024-08-24,2025-02-19,0.0,completed
P0078-M05,P0078,5,2025-03-06,2025-11-22,0.0,completed
P0081-M01,P0081,1,2016-09-07,2016-11-18,0.0,completed
P0081-M02,P0081,2,2017-03-18,2017-04-29,0.0,completed
P0081-M03,P0081,3,2017-07-16,2017-10-21,0.0,completed
P0081-M04,P0081,4,2017-12-16,2018-02-16,0.0,completed
P0081-M05,P0081,5,2018-05-05,2018-06-01,0.0,completed
P0081-M06,P0081,6,2018-09-23,2018-11-21,0.0,completed
P0081-M07,P0081,7,2019-03-02,2019-04-13,0.0,completed
P0081-M08,P0081,8,2019-11-25,2019-11-30,0.0,completed
P0082-M01,P0082,1,2026-02-15,2026-01-28,1.0,completed
P0082-M02,P0082,2,2026-07-06,2026-07-14,0.0,completed
P0082-M03,P0082,3,2027-01-31,,,open
P0082-M04,P0082,4,2027-07-02,,,open
P0082-M05,P0082,5,2027-12-01,,,open
P0084-M01,P0084,1,2022-08-25,2022-11-05,0.0,completed
P0084-M02,P0084,2,2023-02-26,2023-05-27,0.0,completed
P0084-M03,P0084,3,2023-07-10,2023-12-21,0.0,completed
P0084-M04,P0084,4,2023-12-18,2024-05-13,0.0,completed
P0084-M05,P0084,5,2024-06-11,2024-11-14,0.0,completed
P0084-M06,P0084,6,2025-02-10,2025-09-10,0.0,completed
P0086-M01,P0086,1,2021-06-02,2021-07-12,0.0,completed
P0086-M02,P0086,2,2021-11-20,2022-01-04,0.0,completed
P0086-M03,P0086,3,2022-04-19,2022-07-13,0.0,completed
P0086-M04,P0086,4,2022-12-12,2023-03-25,0.0,completed
P0096-M01,P0096,1,2019-07-29,2019-09-21,0.0,completed
P0096-M02,P0096,2,2020-01-29,2020-04-19,0.0,completed
P0096-M03,P0096,3,2020-06-02,2020-09-08,0.0,completed
P0096-M04,P0096,4,2020-10-18,2021-02-20,0.0,completed
P0096-M05,P0096,5,2021-03-28,2021-07-17,0.0,completed
P0096-M06,P0096,6,2021-08-10,2021-12-24,0.0,completed
P0096-M07,P0096,7,2022-02-08,2022-06-30,0.0,completed
P0096-M08,P0096,8,2022-10-28,2023-02-21,0.0,completed
P0097-M01,P0097,1,2020-06-07,2020-06-02,1.0,completed
P0097-M02,P0097,2,2020-12-21,2020-11-03,1.0,completed
P0097-M03,P0097,3,2021-06-13,2021-04-02,1.0,completed
P0097-M04,P0097,4,2021-11-15,2021-11-01,1.0,completed
P0097-M05,P0097,5,2022-04-27,2022-04-19,1.0,completed
P0097-M06,P0097,6,2022-08-16,2022-09-28,0.0,completed
P0097-M07,P0097,7,2023-01-25,2023-01-07,1.0,completed
P0097-M08,P0097,8,2023-06-13,2023-06-03,1.0,completed
P0097-M09,P0097,9,2023-12-08,2023-12-15,0.0,completed
P0097-M10,P0097,10,2024-06-10,2024-07-09,0.0,completed
P0097-M11,P0097,11,2025-03-22,2025-05-16,0.0,completed
P0101-M01,P0101,1,2014-10-24,2014-08-10,1.0,completed
P0101-M02,P0101,2,2015-04-21,2015-03-17,1.0,completed
P0101-M03,P0101,3,2015-10-29,2015-08-22,1.0,completed
P0101-M04,P0101,4,2016-03-19,2015-12-26,1.0,completed
P0101-M05,P0101,5,2016-07-16,2016-05-22,1.0,completed
P0101-M06,P0101,6,2016-12-20,2016-09-29,1.0,completed
P0101-M07,P0101,7,2017-05-01,2017-02-11,1.0,completed
P0101-M08,P0101,8,2017-09-17,2017-08-13,1.0,completed
P0101-M09,P0101,9,2018-03-31,2018-02-06,1.0,completed
P0101-M10,P0101,10,2018-09-09,2018-08-22,1.0,completed
P0101-M11,P0101,11,2019-06-06,2019-06-16,0.0,completed
P0109-M01,P0109,1,2024-08-28,2024-09-26,0.0,completed
P0109-M02,P0109,2,2025-01-18,2025-04-19,0.0,completed
P0109-M03,P0109,3,2025-06-10,2025-09-11,0.0,completed
P0109-M04,P0109,4,2025-10-18,2026-01-30,0.0,completed
P0109-M05,P0109,5,2026-03-25,2026-05-08,0.0,completed
P0109-M06,P0109,6,2026-08-26,,,open
P0109-M07,P0109,7,2027-05-01,,,open
P0110-M01,P0110,1,2025-09-07,2025-09-21,0.0,completed
P0110-M02,P0110,2,2025-12-30,2026-02-09,0.0,completed
P0110-M03,P0110,3,2026-04-19,2026-06-27,0.0,completed
P0110-M04,P0110,4,2026-10-01,,,open
P0118-M01,P0118,1,2021-08-09,2021-10-27,0.0,completed
P0118-M02,P0118,2,2022-02-23,2022-05-06,0.0,completed
P0118-M03,P0118,3,2022-06-25,2022-11-11,0.0,completed
P0118-M04,P0118,4,2022-12-07,2023-08-23,0.0,completed
P0118-M05,P0118,5,2023-07-02,2024-07-08,0.0,completed
P0120-M01,P0120,1,2022-02-22,2022-04-14,0.0,completed
P0120-M02,P0120,2,2022-07-24,2022-10-18,0.0,completed
P0120-M03,P0120,3,2022-12-09,2023-03-22,0.0,completed
P0120-M04,P0120,4,2023-04-07,2023-07-12,0.0,completed
P0120-M05,P0120,5,2023-08-17,2023-11-10,0.0,completed
P0120-M06,P0120,6,2024-01-05,2024-04-15,0.0,completed
P0120-M07,P0120,7,2024-06-20,2024-08-25,0.0,completed
P0120-M08,P0120,8,2025-02-11,2025-04-30,0.0,completed
P0136-M01,P0136,1,2016-08-07,2016-07-25,1.0,completed
P0136-M02,P0136,2,2017-03-27,2017-02-25,1.0,completed
P0136-M03,P0136,3,2017-08-11,2017-08-21,0.0,completed
P0136-M04,P0136,4,2018-01-23,2018-01-20,1.0,completed
P0136-M05,P0136,5,2018-06-22,2018-05-11,1.0,completed
P0136-M06,P0136,6,2018-11-17,2018-11-15,1.0,completed
P0136-M07,P0136,7,2019-03-11,2019-03-28,0.0,completed
P0136-M08,P0136,8,2019-08-13,2019-08-19,0.0,completed
P0136-M09,P0136,9,2020-01-25,2020-02-24,0.0,completed
P0136-M10,P0136,10,2020-06-20,2020-07-23,0.0,completed
P0136-M11,P0136,11,2020-11-26,2021-02-10,0.0,completed
P0136-M12,P0136,12,2021-06-23,2021-08-30,0.0,completed
P0136-M13,P0136,13,2022-03-23,2022-08-25,0.0,completed
P0137-M01,P0137,1,2020-01-14,2020-01-10,1.0,completed
P0137-M02,P0137,2,2020-07-05,2020-08-08,0.0,completed
P0137-M03,P0137,3,2020-11-03,2021-01-23,0.0,completed
P0137-M04,P0137,4,2021-05-20,2021-07-16,0.0,completed
P0137-M05,P0137,5,2021-12-13,2022-04-02,0.0,completed
P0139-M01,P0139,1,2020-04-04,2020-08-09,0.0,completed
P0139-M02,P0139,2,2020-11-12,2021-04-27,0.0,completed
P0139-M03,P0139,3,2021-04-26,2021-09-23,0.0,completed
P0139-M04,P0139,4,2021-09-06,2022-03-28,0.0,completed
P0139-M05,P0139,5,2022-02-18,2022-08-11,0.0,completed
P0139-M06,P0139,6,2022-06-07,2023-01-27,0.0,completed
P0139-M07,P0139,7,2022-11-11,2023-05-22,0.0,completed
P0139-M08,P0139,8,2023-03-19,2023-10-15,0.0,completed
P0139-M09,P0139,9,2023-08-29,2024-03-22,0.0,completed
P0139-M10,P0139,10,2024-01-18,2024-08-12,0.0,completed
P0139-M11,P0139,11,2024-06-27,2025-01-23,0.0,completed
P0139-M12,P0139,12,2025-01-14,2025-07-05,0.0,completed
P0139-M13,P0139,13,2025-10-07,2026-04-08,0.0,completed
P0141-M01,P0141,1,2025-08-03,2025-11-09,0.0,completed
P0141-M02,P0141,2,2025-12-02,2026-05-03,0.0,completed
P0141-M03,P0141,3,2026-05-17,,,open
P0141-M04,P0141,4,2027-01-01,,,open
P0155-M01,P0155,1,2025-01-28,2025-01-29,0.0,completed
P0155-M02,P0155,2,2025-06-12,2025-06-02,1.0,completed
P0155-M03,P0155,3,2025-10-02,2025-11-15,0.0,completed
P0155-M04,P0155,4,2026-02-22,2026-03-25,0.0,completed
P0155-M05,P0155,5,2026-07-22,2026-08-10,0.0,completed
P0155-M06,P0155,6,2027-03-01,,,open
P0165-M01,P0165,1,2025-12-27,2026-02-24,0.0,completed
P0165-M02,P0165,2,2026-04-26,2026-08-20,0.0,completed
P0165-M03,P0165,3,2026-12-16,,,open
P0165-M04,P0165,4,2027-04-01,,,open
P0168-M01,P0168,1,2027-01-23,,,open
P0168-M02,P0168,2,2027-06-17,,,open
P0168-M03,P0168,3,2027-11-08,,,open
P0168-M04,P0168,4,2028-04-01,,,open
P0174-M01,P0174,1,2023-02-14,2023-03-14,0.0,completed
P0174-M02,P0174,2,2023-09-11,2023-11-01,0.0,completed
P0174-M03,P0174,3,2024-02-05,2024-04-07,0.0,completed
P0174-M04,P0174,4,2024-07-08,2024-11-22,0.0,completed
P0174-M05,P0174,5,2024-12-07,2025-04-25,0.0,completed
P0174-M06,P0174,6,2025-05-05,2025-08-09,0.0,completed
P0174-M07,P0174,7,2025-10-20,2026-02-11,0.0,completed
P0174-M08,P0174,8,2026-03-31,2026-07-18,0.0,completed
P0174-M09,P0174,9,2027-02-15,,,open
P0174-M10,P0174,10,2027-08-01,,,open
P0192-M01,P0192,1,2016-03-04,2016-04-29,0.0,completed
P0192-M02,P0192,2,2016-10-29,2016-11-05,0.0,completed
P0192-M03,P0192,3,2017-03-24,2017-04-29,0.0,completed
P0192-M04,P0192,4,2017-08-26,2017-10-13,0.0,completed
P0192-M05,P0192,5,2018-01-20,2018-03-28,0.0,completed
P0192-M06,P0192,6,2018-06-19,2018-08-29,0.0,completed
P0192-M07,P0192,7,2018-11-19,2019-02-01,0.0,completed
P0192-M08,P0192,8,2019-04-12,2019-06-08,0.0,completed
P0192-M09,P0192,9,2019-09-22,2019-12-21,0.0,completed
P0192-M10,P0192,10,2020-02-18,2020-06-05,0.0,completed
P0192-M11,P0192,11,2020-09-03,2020-11-27,0.0,completed
P0192-M12,P0192,12,2021-06-16,2021-09-25,0.0,completed
P0196-M01,P0196,1,2027-01-23,,,open
P0196-M02,P0196,2,2027-06-17,,,open
P0196-M03,P0196,3,2027-11-08,,,open
P0196-M04,P0196,4,2028-04-01,,,open
P0198-M01,P0198,1,2025-11-01,2025-10-06,1.0,completed
P0198-M02,P0198,2,2026-03-25,2026-04-23,0.0,completed
P0198-M03,P0198,3,2026-07-27,2026-08-19,0.0,completed
P0198-M04,P0198,4,2027-02-07,,,open
P0198-M05,P0198,5,2027-07-17,,,open
P0198-M06,P0198,6,2027-12-24,,,open
P0198-M07,P0198,7,2028-06-01,,,open
P0199-M01,P0199,1,2025-09-06,2025-10-25,0.0,completed
P0199-M02,P0199,2,2026-03-30,2026-03-18,1.0,completed
P0199-M03,P0199,3,2026-08-03,,,open
P0199-M04,P0199,4,2027-02-10,,,open
P0199-M05,P0199,5,2027-07-22,,,open
P0199-M06,P0199,6,2027-12-31,,,open
P0199-M07,P0199,7,2028-06-10,,,open
P0199-M08,P0199,8,2028-11-19,,,open
P0199-M09,P0199,9,2029-05-01,,,open
P0204-M01,P0204,1,2025-05-10,2025-04-09,1.0,completed
P0204-M02,P0204,2,2026-01-01,2025-09-26,1.0,completed
P0204-M03,P0204,3,2026-06-01,2026-03-17,1.0,completed
P0204-M04,P0204,4,2027-02-10,2026-08-01,1.0,completed
P0204-M05,P0204,5,2027-07-22,,,open
P0204-M06,P0204,6,2028-01-01,,,open
P0204-M07,P0204,7,2028-06-11,,,open
P0204-M08,P0204,8,2028-11-20,,,open
P0204-M09,P0204,9,2029-05-02,,,open
P0204-M10,P0204,10,2029-10-11,,,open
P0204-M11,P0204,11,2030-03-22,,,open
P0204-M12,P0204,12,2030-09-01,,,open
P0208-M01,P0208,1,2016-11-17,2016-11-02,1.0,completed
P0208-M02,P0208,2,2017-06-16,2017-05-21,1.0,completed
P0208-M03,P0208,3,2017-11-15,2017-11-25,0.0,completed
P0208-M04,P0208,4,2018-04-27,2018-05-29,0.0,completed
P0208-M05,P0208,5,2018-09-04,2018-11-05,0.0,completed
P0208-M06,P0208,6,2019-02-10,2019-03-22,0.0,completed
P0208-M07,P0208,7,2019-07-24,2019-08-24,0.0,completed
P0208-M08,P0208,8,2019-12-30,2020-01-12,0.0,completed
P0208-M09,P0208,9,2020-06-01,2020-06-28,0.0,completed
P0208-M10,P0208,10,2020-10-19,2020-12-13,0.0,completed
P0208-M11,P0208,11,2021-05-10,2021-05-31,0.0,completed
P0208-M12,P0208,12,2022-02-14,2022-04-29,0.0,completed
P0209-M01,P0209,1,2025-07-14,2025-05-21,1.0,completed
P0209-M02,P0209,2,2025-12-25,2025-10-15,1.0,completed
P0209-M03,P0209,3,2026-05-04,2026-04-01,1.0,completed
P0209-M04,P0209,4,2027-01-31,2026-08-29,1.0,completed
P0209-M05,P0209,5,2027-07-02,,,open
P0209-M06,P0209,6,2027-12-01,,,open
P0209-M07,P0209,7,2028-05-01,,,open
P0210-M01,P0210,1,2024-09-01,2024-06-20,1.0,completed
P0210-M02,P0210,2,2025-02-21,2024-12-24,1.0,completed
P0210-M03,P0210,3,2025-07-12,2025-05-18,1.0,completed
P0210-M04,P0210,4,2025-11-26,2025-11-01,1.0,completed
P0210-M05,P0210,5,2026-04-21,2026-03-17,1.0,completed
P0210-M06,P0210,6,2027-02-10,2026-08-29,1.0,completed
P0210-M07,P0210,7,2027-07-22,,,open
P0210-M08,P0210,8,2028-01-01,,,open
P0211-M01,P0211,1,2026-06-04,2026-08-27,0.0,completed
P0211-M02,P0211,2,2026-12-21,,,open
P0211-M03,P0211,3,2027-04-11,,,open
P0211-M04,P0211,4,2027-08-01,,,open
P0213-M01,P0213,1,2023-08-25,2023-10-17,0.0,completed
P0213-M02,P0213,2,2024-02-04,2024-05-20,0.0,completed
P0213-M03,P0213,3,2024-08-23,2025-01-18,0.0,completed
P0213-M04,P0213,4,2025-01-17,2025-06-06,0.0,completed
P0213-M05,P0213,5,2025-06-30,2025-12-23,0.0,completed
P0213-M06,P0213,6,2025-11-16,2026-05-08,0.0,completed
P0213-M07,P0213,7,2026-04-18,,,open
P0213-M08,P0213,8,2027-02-18,,,open
P0213-M09,P0213,9,2027-08-08,,,open
P0213-M10,P0213,10,2028-01-25,,,open
P0213-M11,P0213,11,2028-07-14,,,open
P0213-M12,P0213,12,2029-01-01,,,open
P0215-M01,P0215,1,2016-03-25,2016-05-01,0.0,completed
P0215-M02,P0215,2,2016-08-22,2016-10-15,0.0,completed
P0215-M03,P0215,3,2017-01-10,2017-04-30,0.0,completed
P0215-M04,P0215,4,2017-05-02,2017-08-26,0.0,completed
P0215-M05,P0215,5,2017-10-18,2018-01-13,0.0,completed
P0215-M06,P0215,6,2018-03-07,2018-07-08,0.0,completed
P0215-M07,P0215,7,2018-11-28,2019-04-05,0.0,completed
P0218-M01,P0218,1,2027-02-05,,,open
P0218-M02,P0218,2,2027-07-12,,,open
P0218-M03,P0218,3,2027-12-16,,,open
P0218-M04,P0218,4,2028-05-21,,,open
P0218-M05,P0218,5,2028-10-25,,,open
P0218-M06,P0218,6,2029-04-01,,,open
P0227-M01,P0227,1,2022-02-02,2022-03-09,0.0,completed
P0227-M02,P0227,2,2022-05-11,2022-07-22,0.0,completed
P0227-M03,P0227,3,2022-09-22,2022-12-14,0.0,completed
P0227-M04,P0227,4,2023-02-17,2023-07-01,0.0,completed
P0231-M01,P0231,1,2026-07-25,,,open
P0231-M02,P0231,2,2027-02-17,,,open
P0231-M03,P0231,3,2027-08-06,,,open
P0231-M04,P0231,4,2028-01-22,,,open
P0231-M05,P0231,5,2028-07-10,,,open
P0231-M06,P0231,6,2028-12-26,,,open
P0231-M07,P0231,7,2029-06-14,,,open
P0231-M08,P0231,8,2029-12-01,,,open
P0235-M01,P0235,1,2024-02-20,2024-02-13,1.0,completed
P0235-M02,P0235,2,2024-07-31,2024-07-02,1.0,completed
P0235-M03,P0235,3,2024-12-08,2025-01-15,0.0,completed
P0235-M04,P0235,4,2025-07-22,2025-09-08,0.0,completed
P0239-M01,P0239,1,2027-01-21,,,open
P0239-M02,P0239,2,2027-06-12,,,open
P0239-M03,P0239,3,2027-11-01,,,open
P0239-M04,P0239,4,2028-03-22,,,open
P0239-M05,P0239,5,2028-08-11,,,open
P0239-M06,P0239,6,2029-01-01,,,open
P0244-M01,P0244,1,2025-07-16,2025-09-24,0.0,completed
P0244-M02,P0244,2,2025-10-17,2026-02-20,0.0,completed
P0244-M03,P0244,3,2026-02-04,2026-05-23,0.0,completed
P0244-M04,P0244,4,2026-07-16,,,open
P0247-M01,P0247,1,2025-05-05,2025-05-30,0.0,completed
P0247-M02,P0247,2,2025-10-02,2025-10-29,0.0,completed
P0247-M03,P0247,3,2026-03-16,2026-02-12,1.0,completed
P0247-M04,P0247,4,2026-09-01,2026-07-19,1.0,completed
P0247-M05,P0247,5,2027-03-02,,,open
P0247-M06,P0247,6,2027-09-01,,,open
P0250-M01,P0250,1,2020-11-22,2021-01-24,0.0,completed
P0250-M02,P0250,2,2021-05-03,2021-07-27,0.0,completed
P0250-M03,P0250,3,2021-11-27,2022-02-22,0.0,completed
P0250-M04,P0250,4,2022-04-13,2022-08-16,0.0,completed
P0250-M05,P0250,5,2022-09-28,2023-01-15,0.0,completed
P0250-M06,P0250,6,2023-01-25,2023-05-30,0.0,completed
P0250-M07,P0250,7,2023-06-03,2023-10-04,0.0,completed
P0250-M08,P0250,8,2023-11-10,2024-02-02,0.0,completed
P0250-M09,P0250,9,2024-05-10,2024-07-07,0.0,completed
P0250-M10,P0250,10,2024-11-13,2024-12-20,0.0,completed
P0250-M11,P0250,11,2025-08-22,2025-08-12,1.0,completed
P0260-M01,P0260,1,2018-02-24,2018-03-09,0.0,completed
P0260-M02,P0260,2,2018-05-16,2018-07-14,0.0,completed
P0260-M03,P0260,3,2018-09-21,2018-12-19,0.0,completed
P0260-M04,P0260,4,2019-02-04,2019-06-03,0.0,completed
P0265-M01,P0265,1,2026-08-08,2026-08-30,0.0,completed
P0265-M02,P0265,2,2027-02-23,,,open
P0265-M03,P0265,3,2027-08-17,,,open
P0265-M04,P0265,4,2028-02-08,,,open
P0265-M05,P0265,5,2028-08-01,,,open
P0275-M01,P0275,1,2027-02-15,,,open
P0275-M02,P0275,2,2027-08-01,,,open
P0275-M03,P0275,3,2028-01-15,,,open
P0275-M04,P0275,4,2028-07-01,,,open
P0280-M01,P0280,1,2024-07-06,2024-07-14,0.0,completed
P0280-M02,P0280,2,2024-12-11,2024-12-27,0.0,completed
P0280-M03,P0280,3,2025-04-10,2025-05-21,0.0,completed
P0280-M04,P0280,4,2025-09-22,2025-09-30,0.0,completed
P0280-M05,P0280,5,2026-02-05,2026-03-16,0.0,completed
P0280-M06,P0280,6,2026-10-01,,,open
P0286-M01,P0286,1,2023-06-21,2023-06-02,1.0,completed
P0286-M02,P0286,2,2023-12-24,2024-01-17,0.0,completed
P0286-M03,P0286,3,2024-05-10,2024-06-21,0.0,completed
P0286-M04,P0286,4,2024-10-17,2024-11-15,0.0,completed
P0286-M05,P0286,5,2025-03-10,2025-05-01,0.0,completed
P0286-M06,P0286,6,2025-08-10,2025-11-30,0.0,completed
P0286-M07,P0286,7,2026-02-25,2026-04-22,0.0,completed
P0286-M08,P0286,8,2026-11-01,,,open
P0290-M01,P0290,1,2025-08-13,2025-08-21,0.0,completed
P0290-M02,P0290,2,2025-11-07,2026-01-28,0.0,completed
P0290-M03,P0290,3,2026-03-14,2026-05-31,0.0,completed
P0290-M04,P0290,4,2026-08-24,,,open
P0291-M01,P0291,1,2023-07-01,2023-05-29,1.0,completed
P0291-M02,P0291,2,2023-12-07,2023-11-06,1.0,completed
P0291-M03,P0291,3,2024-05-08,2024-06-13,0.0,completed
P0291-M04,P0291,4,2024-10-08,2024-11-13,0.0,completed
P0291-M05,P0291,5,2025-03-08,2025-04-16,0.0,completed
P0291-M06,P0291,6,2025-08-14,2025-10-03,0.0,completed
P0291-M07,P0291,7,2026-01-03,2026-04-15,0.0,completed
P0291-M08,P0291,8,2026-08-01,,,open
P0291-M09,P0291,9,2027-05-01,,,open
P0292-M01,P0292,1,2024-05-20,2024-06-05,0.0,completed
P0292-M02,P0292,2,2024-11-27,2025-01-06,0.0,completed
P0292-M03,P0292,3,2025-05-24,2025-06-18,0.0,completed
P0292-M04,P0292,4,2025-10-08,2025-12-12,0.0,completed
P0292-M05,P0292,5,2026-03-03,2026-05-03,0.0,completed
P0292-M06,P0292,6,2026-08-01,,,open
P0292-M07,P0292,7,2027-03-02,,,open
P0292-M08,P0292,8,2027-08-31,,,open
P0292-M09,P0292,9,2028-03-01,,,open
P0292-M10,P0292,10,2028-08-30,,,open
P0292-M11,P0292,11,2029-03-01,,,open
P0294-M01,P0294,1,2025-11-12,2026-03-13,0.0,completed
P0294-M02,P0294,2,2026-03-06,2026-08-09,0.0,completed
P0294-M03,P0294,3,2026-07-06,,,open
P0294-M04,P0294,4,2027-01-01,,,open
P0298-M01,P0298,1,2015-12-06,2016-02-14,0.0,completed
P0298-M02,P0298,2,2016-06-15,2016-10-19,0.0,completed
P0298-M03,P0298,3,2016-11-01,2017-05-31,0.0,completed
P0298-M04,P0298,4,2017-03-12,2017-11-30,0.0,completed
P0298-M05,P0298,5,2017-08-09,2018-05-02,0.0,completed
P0298-M06,P0298,6,2018-01-01,2018-10-18,0.0,completed
P0298-M07,P0298,7,2018-06-22,2019-06-05,0.0,completed
P0298-M08,P0298,8,2019-02-22,2020-06-14,0.0,completed
P0299-M01,P0299,1,2026-08-28,,,open
P0299-M02,P0299,2,2027-02-23,,,open
P0299-M03,P0299,3,2027-08-18,,,open
P0299-M04,P0299,4,2028-02-10,,,open
P0299-M05,P0299,5,2028-08-04,,,open
P0299-M06,P0299,6,2029-01-27,,,open
P0299-M07,P0299,7,2029-07-22,,,open
P0299-M08,P0299,8,2030-01-14,,,open
P0299-M09,P0299,9,2030-07-09,,,open
P0299-M10,P0299,10,2031-01-01,,,open
P0302-M01,P0302,1,2025-08-27,2025-08-15,1.0,completed
P0302-M02,P0302,2,2025-12-29,2026-03-06,0.0,completed
P0302-M03,P0302,3,2026-05-30,,,open
P0302-M04,P0302,4,2026-12-01,,,open
P0306-M01,P0306,1,2020-05-02,2020-04-30,1.0,completed
P0306-M02,P0306,2,2020-12-13,2020-10-13,1.0,completed
P0306-M03,P0306,3,2021-05-19,2021-04-22,1.0,completed
P0306-M04,P0306,4,2021-10-02,2021-09-19,1.0,completed
P0306-M05,P0306,5,2022-03-17,2022-03-14,1.0,completed
P0306-M06,P0306,6,2022-08-06,2022-09-25,0.0,completed
P0306-M07,P0306,7,2023-01-25,2023-03-07,0.0,completed
P0306-M08,P0306,8,2023-06-23,2023-10-08,0.0,completed
P0306-M09,P0306,9,2024-01-28,2024-05-12,0.0,completed
P0306-M10,P0306,10,2024-10-04,2025-04-22,0.0,completed
P0309-M01,P0309,1,2026-05-05,2026-06-30,0.0,completed
P0309-M02,P0309,2,2027-01-31,,,open
P0309-M03,P0309,3,2027-07-02,,,open
P0309-M04,P0309,4,2027-12-01,,,open
P0312-M01,P0312,1,2021-04-09,2021-07-25,0.0,completed
P0312-M02,P0312,2,2021-07-22,2021-12-06,0.0,completed
P0312-M03,P0312,3,2021-11-02,2022-06-13,0.0,completed
P0312-M04,P0312,4,2022-05-04,2022-12-26,0.0,completed
P0314-M01,P0314,1,2026-06-21,2026-08-17,0.0,completed
P0314-M02,P0314,2,2027-02-10,,,open
P0314-M03,P0314,3,2027-07-22,,,open
P0314-M04,P0314,4,2028-01-01,,,open
P0316-M01,P0316,1,2019-04-01,2019-03-26,1.0,completed
P0316-M02,P0316,2,2019-07-24,2019-08-19,0.0,completed
P0316-M03,P0316,3,2019-11-16,2019-12-24,0.0,completed
P0316-M04,P0316,4,2020-04-27,2020-06-10,0.0,completed
P0321-M01,P0321,1,2017-04-25,2017-06-16,0.0,completed
P0321-M02,P0321,2,2017-11-02,2017-12-21,0.0,completed
P0321-M03,P0321,3,2018-04-15,2018-07-13,0.0,completed
P0321-M04,P0321,4,2018-09-02,2018-12-12,0.0,completed
P0321-M05,P0321,5,2019-02-25,2019-06-08,0.0,completed
P0321-M06,P0321,6,2019-07-26,2019-10-24,0.0,completed
P0321-M07,P0321,7,2019-11-28,2020-04-08,0.0,completed
P0321-M08,P0321,8,2020-04-04,2020-08-04,0.0,completed
P0321-M09,P0321,9,2020-09-24,2021-01-29,0.0,completed
P0321-M10,P0321,10,2021-02-05,2021-07-12,0.0,completed
P0321-M11,P0321,11,2021-07-06,2022-02-02,0.0,completed
P0321-M12,P0321,12,2022-02-20,2022-09-18,0.0,completed
P0321-M13,P0321,13,2022-11-20,2023-07-20,0.0,completed
P0323-M01,P0323,1,2023-01-21,2022-12-30,1.0,completed
P0323-M02,P0323,2,2023-06-13,2023-05-30,1.0,completed
P0323-M03,P0323,3,2023-10-28,2023-11-10,0.0,completed
P0323-M04,P0323,4,2024-03-01,2024-04-08,0.0,completed
P0323-M05,P0323,5,2024-07-26,2024-08-09,0.0,completed
P0323-M06,P0323,6,2025-02-19,2025-05-07,0.0,completed
P0326-M01,P0326,1,2025-09-06,2025-11-20,0.0,completed
P0326-M02,P0326,2,2026-03-30,2026-05-12,0.0,completed
P0326-M03,P0326,3,2026-08-23,,,open
P0326-M04,P0326,4,2027-02-24,,,open
P0326-M05,P0326,5,2027-08-20,,,open
P0326-M06,P0326,6,2028-02-13,,,open
P0326-M07,P0326,7,2028-08-08,,,open
P0326-M08,P0326,8,2029-02-01,,,open
P0328-M01,P0328,1,2026-05-07,2026-03-10,1.0,completed
P0328-M02,P0328,2,2027-01-26,,,open
P0328-M03,P0328,3,2027-06-23,,,open
P0328-M04,P0328,4,2027-11-18,,,open
P0328-M05,P0328,5,2028-04-13,,,open
P0328-M06,P0328,6,2028-09-08,,,open
P0328-M07,P0328,7,2029-02-03,,,open
P0328-M08,P0328,8,2029-07-01,,,open
P0333-M01,P0333,1,2019-04-20,2019-06-19,0.0,completed
P0333-M02,P0333,2,2019-09-23,2019-12-31,0.0,completed
P0333-M03,P0333,3,2020-01-07,2020-05-13,0.0,completed
P0333-M04,P0333,4,2020-06-22,2020-10-18,0.0,completed
P0333-M05,P0333,5,2021-01-11,2021-04-15,0.0,completed
P0334-M01,P0334,1,2022-09-22,2022-07-03,1.0,completed
P0334-M02,P0334,2,2023-03-06,2023-01-18,1.0,completed
P0334-M03,P0334,3,2023-09-08,2023-06-05,1.0,completed
P0334-M04,P0334,4,2024-01-24,2023-12-01,1.0,completed
P0334-M05,P0334,5,2024-06-08,2024-04-07,1.0,completed
P0334-M06,P0334,6,2024-10-12,2024-09-17,1.0,completed
P0334-M07,P0334,7,2025-03-04,2025-01-17,1.0,completed
P0334-M08,P0334,8,2025-08-28,2025-05-02,1.0,completed
P0334-M09,P0334,9,2026-01-01,2025-11-08,1.0,completed
P0334-M10,P0334,10,2026-06-27,2026-04-06,1.0,completed
P0334-M11,P0334,11,2027-03-17,,,open
P0334-M12,P0334,12,2027-10-01,,,open
P0338-M01,P0338,1,2027-02-09,,,open
P0338-M02,P0338,2,2027-07-20,,,open
P0338-M03,P0338,3,2027-12-29,,,open
P0338-M04,P0338,4,2028-06-07,,,open
P0338-M05,P0338,5,2028-11-16,,,open
P0338-M06,P0338,6,2029-04-26,,,open
P0338-M07,P0338,7,2029-10-04,,,open
P0338-M08,P0338,8,2030-03-15,,,open
P0338-M09,P0338,9,2030-08-23,,,open
P0338-M10,P0338,10,2031-02-01,,,open
P0344-M01,P0344,1,2019-10-31,2019-10-12,1.0,completed
P0344-M02,P0344,2,2020-04-29,2020-06-27,0.0,completed
P0344-M03,P0344,3,2020-10-31,2020-12-22,0.0,completed
P0344-M04,P0344,4,2021-03-30,2021-04-24,0.0,completed
P0344-M05,P0344,5,2021-08-26,2021-09-15,0.0,completed
P0344-M06,P0344,6,2022-01-25,2022-01-02,1.0,completed
P0344-M07,P0344,7,2022-07-01,2022-06-30,1.0,completed
P0344-M08,P0344,8,2022-12-01,2022-12-03,0.0,completed
P0344-M09,P0344,9,2023-04-21,2023-05-02,0.0,completed
P0344-M10,P0344,10,2023-10-12,2023-11-11,0.0,completed
P0344-M11,P0344,11,2024-04-05,2024-05-11,0.0,completed
P0344-M12,P0344,12,2025-02-09,2025-02-25,0.0,completed
P0346-M01,P0346,1,2019-07-16,2019-06-27,1.0,completed
P0346-M02,P0346,2,2020-01-10,2019-12-02,1.0,completed
P0346-M03,P0346,3,2020-06-22,2020-05-16,1.0,completed
P0346-M04,P0346,4,2020-11-19,2020-09-21,1.0,completed
P0346-M05,P0346,5,2021-03-12,2021-02-07,1.0,completed
P0346-M06,P0346,6,2021-09-01,2021-07-25,1.0,completed
P0346-M07,P0346,7,2022-01-16,2021-12-06,1.0,completed
P0346-M08,P0346,8,2022-07-18,2022-06-26,1.0,completed
P0346-M09,P0346,9,2023-03-13,2023-03-17,0.0,completed
P0351-M01,P0351,1,2027-02-12,,,open
P0351-M02,P0351,2,2027-07-26,,,open
P0351-M03,P0351,3,2028-01-06,,,open
P0351-M04,P0351,4,2028-06-18,,,open
P0351-M05,P0351,5,2028-11-30,,,open
P0351-M06,P0351,6,2029-05-13,,,open
P0351-M07,P0351,7,2029-10-24,,,open
P0351-M08,P0351,8,2030-04-06,,,open
P0351-M09,P0351,9,2030-09-17,,,open
P0351-M10,P0351,10,2031-03-01,,,open
P0352-M01,P0352,1,2023-04-06,2023-02-03,1.0,completed
P0352-M02,P0352,2,2023-11-26,2023-09-13,1.0,completed
P0352-M03,P0352,3,2024-04-06,2024-02-21,1.0,completed
P0352-M04,P0352,4,2024-09-25,2024-07-09,1.0,completed
P0352-M05,P0352,5,2025-02-02,2024-12-04,1.0,completed
P0352-M06,P0352,6,2025-06-05,2025-05-20,1.0,completed
P0352-M07,P0352,7,2025-11-15,2025-10-08,1.0,completed
P0352-M08,P0352,8,2026-03-13,2026-03-23,0.0,completed
P0352-M09,P0352,9,2026-08-08,,,open
P0352-M10,P0352,10,2027-03-18,,,open
P0352-M11,P0352,11,2027-10-02,,,open
P0352-M12,P0352,12,2028-04-17,,,open
P0352-M13,P0352,13,2028-11-01,,,open
P0357-M01,P0357,1,2026-02-02,2026-03-20,0.0,completed
P0357-M02,P0357,2,2026-07-06,2026-08-07,0.0,completed
P0357-M03,P0357,3,2027-01-31,,,open
P0357-M04,P0357,4,2027-07-02,,,open
P0357-M05,P0357,5,2027-12-01,,,open
P0360-M01,P0360,1,2015-03-07,2015-03-12,0.0,completed
P0360-M02,P0360,2,2015-10-17,2015-08-30,1.0,completed
P0360-M03,P0360,3,2016-03-19,2016-03-31,0.0,completed
P0360-M04,P0360,4,2016-08-07,2016-08-30,0.0,completed
P0360-M05,P0360,5,2017-01-19,2017-01-26,0.0,completed
P0360-M06,P0360,6,2017-06-14,2017-07-21,0.0,completed
P0360-M07,P0360,7,2017-11-26,2017-12-16,0.0,completed
P0360-M08,P0360,8,2018-05-01,2018-06-18,0.0,completed
P0360-M09,P0360,9,2018-09-14,2018-10-22,0.0,completed
P0360-M10,P0360,10,2019-02-19,2019-05-19,0.0,completed
P0360-M11,P0360,11,2019-09-28,2020-01-22,0.0,completed
P0360-M12,P0360,12,2020-06-10,2020-12-24,0.0,completed
P0361-M01,P0361,1,2026-07-07,,,open
P0361-M02,P0361,2,2027-02-15,,,open
P0361-M03,P0361,3,2027-08-01,,,open
P0361-M04,P0361,4,2028-01-15,,,open
P0361-M05,P0361,5,2028-07-01,,,open
P0361-M06,P0361,6,2028-12-15,,,open
P0361-M07,P0361,7,2029-05-31,,,open
P0361-M08,P0361,8,2029-11-14,,,open
P0361-M09,P0361,9,2030-05-01,,,open
P0363-M01,P0363,1,2026-12-16,,,open
P0363-M02,P0363,2,2027-04-02,,,open
P0363-M03,P0363,3,2027-07-17,,,open
P0363-M04,P0363,4,2027-11-01,,,open
P0365-M01,P0365,1,2023-11-06,2024-01-15,0.0,completed
P0365-M02,P0365,2,2024-05-22,2024-09-21,0.0,completed
P0365-M03,P0365,3,2024-11-24,2025-02-11,0.0,completed
P0365-M04,P0365,4,2025-04-28,2025-08-03,0.0,completed
P0365-M05,P0365,5,2025-09-27,2026-02-06,0.0,completed
P0365-M06,P0365,6,2026-02-10,2026-06-03,0.0,completed
P0365-M07,P0365,7,2026-07-30,,,open
P0365-M08,P0365,8,2027-03-08,,,open
P0365-M09,P0365,9,2027-09-13,,,open
P0365-M10,P0365,10,2028-03-19,,,open
P0365-M11,P0365,11,2028-09-24,,,open
P0365-M12,P0365,12,2029-04-01,,,open
P0367-M01,P0367,1,2019-12-16,2020-01-09,0.0,completed
P0367-M02,P0367,2,2020-03-21,2020-05-05,0.0,completed
P0367-M03,P0367,3,2020-07-13,2020-10-10,0.0,completed
P0367-M04,P0367,4,2020-12-17,2021-05-07,0.0,completed
P0368-M01,P0368,1,2026-07-21,,,open
P0368-M02,P0368,2,2027-02-11,,,open
P0368-M03,P0368,3,2027-07-25,,,open
P0368-M04,P0368,4,2028-01-04,,,open
P0368-M05,P0368,5,2028-06-16,,,open
P0368-M06,P0368,6,2028-11-26,,,open
P0368-M07,P0368,7,2029-05-09,,,open
P0368-M08,P0368,8,2029-10-19,,,open
P0368-M09,P0368,9,2030-04-01,,,open
P0370-M01,P0370,1,2020-07-11,2020-09-24,0.0,completed
P0370-M02,P0370,2,2021-02-01,2021-04-09,0.0,completed
P0370-M03,P0370,3,2021-06-16,2021-09-20,0.0,completed
P0370-M04,P0370,4,2021-11-12,2022-04-13,0.0,completed
P0370-M05,P0370,5,2022-04-10,2022-08-14,0.0,completed
P0370-M06,P0370,6,2022-09-08,2023-02-06,0.0,completed
P0370-M07,P0370,7,2023-02-18,2023-07-29,0.0,completed
P0370-M08,P0370,8,2023-07-18,2024-02-10,0.0,completed
P0370-M09,P0370,9,2024-01-18,2024-09-26,0.0,completed
P0370-M10,P0370,10,2024-10-20,2025-07-05,0.0,completed
P0375-M01,P0375,1,2026-01-21,2025-11-12,1.0,completed
P0375-M02,P0375,2,2026-07-04,2026-06-01,1.0,completed
P0375-M03,P0375,3,2027-02-06,,,open
P0375-M04,P0375,4,2027-07-15,,,open
P0375-M05,P0375,5,2027-12-21,,,open
P0375-M06,P0375,6,2028-05-28,,,open
P0375-M07,P0375,7,2028-11-03,,,open
P0375-M08,P0375,8,2029-04-11,,,open
P0375-M09,P0375,9,2029-09-17,,,open
P0375-M10,P0375,10,2030-02-23,,,open
P0375-M11,P0375,11,2030-08-01,,,open
P0381-M01,P0381,1,2017-08-26,2017-11-01,0.0,completed
P0381-M02,P0381,2,2018-02-01,2018-04-07,0.0,completed
P0381-M03,P0381,3,2018-06-17,2018-09-10,0.0,completed
P0381-M04,P0381,4,2018-10-02,2019-01-01,0.0,completed
P0381-M05,P0381,5,2019-03-24,2019-04-15,0.0,completed
P0381-M06,P0381,6,2019-08-07,2019-09-22,0.0,completed
P0381-M07,P0381,7,2020-04-14,2020-04-26,0.0,completed
P0390-M01,P0390,1,2020-02-10,2020-02-07,1.0,completed
P0390-M02,P0390,2,2020-08-19,2020-09-28,0.0,completed
P0390-M03,P0390,3,2021-01-18,2021-03-14,0.0,completed
P0390-M04,P0390,4,2021-06-02,2021-08-13,0.0,completed
P0390-M05,P0390,5,2021-11-16,2022-02-06,0.0,completed
P0390-M06,P0390,6,2022-04-04,2022-06-11,0.0,completed
P0390-M07,P0390,7,2022-09-08,2022-12-13,0.0,completed
P0390-M08,P0390,8,2023-02-16,2023-06-27,0.0,completed
P0390-M09,P0390,9,2023-08-03,2024-01-03,0.0,completed
P0390-M10,P0390,10,2024-05-09,2024-10-07,0.0,completed
P0394-M01,P0394,1,2022-12-14,2022-12-08,1.0,completed
P0394-M02,P0394,2,2023-05-19,2023-06-04,0.0,completed
P0394-M03,P0394,3,2023-11-19,2023-12-24,0.0,completed
P0394-M04,P0394,4,2024-06-26,2024-08-20,0.0,completed
P0396-M01,P0396,1,2019-05-13,2019-06-16,0.0,completed
P0396-M02,P0396,2,2019-10-28,2019-11-08,0.0,completed
P0396-M03,P0396,3,2020-03-08,2020-03-14,0.0,completed
P0396-M04,P0396,4,2020-10-27,2020-10-27,1.0,completed
P0398-M01,P0398,1,2023-12-07,2024-04-12,0.0,completed
P0398-M02,P0398,2,2024-05-20,2024-10-26,0.0,completed
P0398-M03,P0398,3,2024-10-24,2025-04-11,0.0,completed
P0398-M04,P0398,4,2025-03-16,2025-09-29,0.0,completed
P0398-M05,P0398,5,2025-08-14,2026-03-27,0.0,completed
P0398-M06,P0398,6,2026-04-13,,,open
P0404-M01,P0404,1,2022-11-09,2022-11-19,0.0,completed
P0404-M02,P0404,2,2023-04-29,2023-04-18,1.0,completed
P0404-M03,P0404,3,2023-08-05,2023-09-12,0.0,completed
P0404-M04,P0404,4,2024-01-03,2024-01-20,0.0,completed
P0404-M05,P0404,5,2024-06-11,2024-06-04,1.0,completed
P0404-M06,P0404,6,2025-01-06,2025-01-23,0.0,completed
P0405-M01,P0405,1,2025-10-19,2025-10-12,1.0,completed
P0405-M02,P0405,2,2026-03-25,2026-04-14,0.0,completed
P0405-M03,P0405,3,2026-08-02,2026-08-14,0.0,completed
P0405-M04,P0405,4,2027-02-15,,,open
P0405-M05,P0405,5,2027-08-01,,,open
P0405-M06,P0405,6,2028-01-15,,,open
P0405-M07,P0405,7,2028-07-01,,,open
P0409-M01,P0409,1,2020-10-14,2020-10-10,1.0,completed
P0409-M02,P0409,2,2021-05-19,2021-04-11,1.0,completed
P0409-M03,P0409,3,2021-10-21,2021-09-13,1.0,completed
P0409-M04,P0409,4,2022-03-28,2022-02-14,1.0,completed
P0409-M05,P0409,5,2022-08-04,2022-07-28,1.0,completed
P0409-M06,P0409,6,2023-01-14,2022-12-19,1.0,completed
P0409-M07,P0409,7,2023-06-06,2023-04-29,1.0,completed
P0409-M08,P0409,8,2023-11-03,2023-09-10,1.0,completed
P0409-M09,P0409,9,2024-04-26,2024-02-16,1.0,completed
P0409-M10,P0409,10,2024-09-24,2024-08-18,1.0,completed
P0409-M11,P0409,11,2025-04-21,2025-03-17,1.0,completed
P0409-M12,P0409,12,2026-01-15,2026-01-29,0.0,completed
P0412-M01,P0412,1,2020-08-23,2020-08-25,0.0,completed
P0412-M02,P0412,2,2021-02-16,2021-03-24,0.0,completed
P0412-M03,P0412,3,2021-07-02,2021-07-21,0.0,completed
P0412-M04,P0412,4,2021-12-23,2021-12-19,1.0,completed
P0412-M05,P0412,5,2022-04-13,2022-05-23,0.0,completed
P0412-M06,P0412,6,2022-09-18,2022-11-01,0.0,completed
P0412-M07,P0412,7,2023-02-22,2023-02-14,1.0,completed
P0412-M08,P0412,8,2023-07-11,2023-06-05,1.0,completed
P0412-M09,P0412,9,2024-01-03,2024-01-02,1.0,completed
P0412-M10,P0412,10,2024-09-22,2024-09-13,1.0,completed
P0417-M01,P0417,1,2022-02-28,2022-03-19,0.0,completed
P0417-M02,P0417,2,2022-08-11,2022-09-24,0.0,completed
P0417-M03,P0417,3,2023-01-25,2023-03-17,0.0,completed
P0417-M04,P0417,4,2023-06-25,2023-08-31,0.0,completed
P0417-M05,P0417,5,2023-11-19,2024-02-22,0.0,completed
P0417-M06,P0417,6,2024-05-31,2024-08-28,0.0,completed
P0417-M07,P0417,7,2025-01-09,2025-05-13,0.0,completed
P0422-M01,P0422,1,2019-12-24,2019-11-13,1.0,completed
P0422-M02,P0422,2,2020-06-28,2020-04-11,1.0,completed
P0422-M03,P0422,3,2020-12-29,2020-10-20,1.0,completed
P0422-M04,P0422,4,2021-04-11,2021-02-07,1.0,completed
P0422-M05,P0422,5,2021-09-06,2021-07-08,1.0,completed
P0422-M06,P0422,6,2022-01-26,2021-12-03,1.0,completed
P0422-M07,P0422,7,2022-06-16,2022-04-14,1.0,completed
P0422-M08,P0422,8,2022-11-03,2022-10-01,1.0,completed
P0422-M09,P0422,9,2023-03-28,2023-02-22,1.0,completed
P0422-M10,P0422,10,2023-09-21,2023-08-26,1.0,completed
P0422-M11,P0422,11,2024-03-07,2024-03-20,0.0,completed
P0422-M12,P0422,12,2024-12-21,2025-01-30,0.0,completed
P0426-M01,P0426,1,2017-02-25,2017-01-14,1.0,completed
P0426-M02,P0426,2,2017-08-16,2017-07-30,1.0,completed
P0426-M03,P0426,3,2018-01-18,2017-12-05,1.0,completed
P0426-M04,P0426,4,2018-06-04,2018-05-19,1.0,completed
P0426-M05,P0426,5,2018-12-07,2018-12-10,0.0,completed
P0426-M06,P0426,6,2019-08-02,2019-09-12,0.0,completed
P0428-M01,P0428,1,2023-07-15,2023-05-29,1.0,completed
P0428-M02,P0428,2,2024-01-11,2023-11-18,1.0,completed
P0428-M03,P0428,3,2024-06-09,2024-04-13,1.0,completed
P0428-M04,P0428,4,2024-11-05,2024-08-03,1.0,completed
P0428-M05,P0428,5,2025-03-26,2025-03-13,1.0,completed
P0428-M06,P0428,6,2025-08-13,2025-07-26,1.0,completed
P0428-M07,P0428,7,2026-01-05,2026-01-27,0.0,completed
P0428-M08,P0428,8,2026-07-11,2026-08-20,0.0,completed
P0428-M09,P0428,9,2027-04-01,,,open
P0429-M01,P0429,1,2017-12-17,2018-02-18,0.0,completed
P0429-M02,P0429,2,2018-07-27,2018-10-28,0.0,completed
P0429-M03,P0429,3,2018-12-18,2019-03-18,0.0,completed
P0429-M04,P0429,4,2019-05-12,2019-08-02,0.0,completed
P0429-M05,P0429,5,2019-10-19,2020-01-04,0.0,completed
P0429-M06,P0429,6,2020-03-08,2020-05-23,0.0,completed
P0429-M07,P0429,7,2020-07-12,2020-10-13,0.0,completed
P0429-M08,P0429,8,2020-12-09,2021-03-02,0.0,completed
P0429-M09,P0429,9,2021-05-16,2021-08-27,0.0,completed
P0429-M10,P0429,10,2021-10-28,2021-12-21,0.0,completed
P0429-M11,P0429,11,2022-03-14,2022-04-20,0.0,completed
P0429-M12,P0429,12,2022-10-12,2022-10-12,1.0,completed
P0429-M13,P0429,13,2023-07-23,2023-07-30,0.0,completed
P0430-M01,P0430,1,2024-04-21,2024-04-07,1.0,completed
P0430-M02,P0430,2,2024-08-05,2024-09-22,0.0,completed
P0430-M03,P0430,3,2025-01-09,2025-02-02,0.0,completed
P0430-M04,P0430,4,2025-08-29,2025-08-14,1.0,completed
P0431-M01,P0431,1,2017-05-10,2017-04-26,1.0,completed
P0431-M02,P0431,2,2017-10-11,2017-09-24,1.0,completed
P0431-M03,P0431,3,2018-03-26,2018-02-15,1.0,completed
P0431-M04,P0431,4,2018-07-15,2018-06-25,1.0,completed
P0431-M05,P0431,5,2018-11-09,2018-10-12,1.0,completed
P0431-M06,P0431,6,2019-04-20,2019-04-14,1.0,completed
P0431-M07,P0431,7,2019-09-06,2019-09-12,0.0,completed
P0431-M08,P0431,8,2020-05-13,2020-06-08,0.0,completed
P0440-M01,P0440,1,2018-08-06,2018-09-28,0.0,completed
P0440-M02,P0440,2,2019-03-26,2019-03-17,1.0,completed
P0440-M03,P0440,3,2019-08-05,2019-09-16,0.0,completed
P0440-M04,P0440,4,2020-01-24,2020-02-21,0.0,completed
P0440-M05,P0440,5,2020-06-02,2020-07-12,0.0,completed
P0440-M06,P0440,6,2020-10-27,2020-12-08,0.0,completed
P0440-M07,P0440,7,2021-03-16,2021-04-30,0.0,completed
P0440-M08,P0440,8,2021-07-31,2021-08-14,0.0,completed
P0440-M09,P0440,9,2021-12-24,2021-12-24,1.0,completed
P0440-M10,P0440,10,2022-05-12,2022-06-22,0.0,completed
P0440-M11,P0440,11,2022-10-08,2022-11-06,0.0,completed
P0440-M12,P0440,12,2023-05-16,2023-05-23,0.0,completed
P0440-M13,P0440,13,2024-02-14,2024-02-29,0.0,completed
P0444-M01,P0444,1,2022-09-09,2022-07-15,1.0,completed
P0444-M02,P0444,2,2023-04-07,2023-02-18,1.0,completed
P0444-M03,P0444,3,2023-09-27,2023-07-31,1.0,completed
P0444-M04,P0444,4,2024-02-08,2023-11-24,1.0,completed
P0444-M05,P0444,5,2024-07-16,2024-03-09,1.0,completed
P0444-M06,P0444,6,2024-12-27,2024-09-20,1.0,completed
P0444-M07,P0444,7,2025-05-16,2025-01-12,1.0,completed
P0444-M08,P0444,8,2025-10-25,2025-06-14,1.0,completed
P0444-M09,P0444,9,2026-03-28,2025-12-19,1.0,completed
P0444-M10,P0444,10,2027-02-15,2026-08-03,1.0,completed
P0444-M11,P0444,11,2027-08-01,,,open
P0447-M01,P0447,1,2015-05-03,2015-07-01,0.0,completed
P0447-M02,P0447,2,2015-12-22,2016-02-25,0.0,completed
P0447-M03,P0447,3,2016-05-05,2016-07-07,0.0,completed
P0447-M04,P0447,4,2016-10-18,2016-12-30,0.0,completed
P0447-M05,P0447,5,2017-03-02,2017-05-30,0.0,completed
P0447-M06,P0447,6,2017-08-25,2017-10-25,0.0,completed
P0447-M07,P0447,7,2017-12-26,2018-02-10,0.0,completed
P0447-M08,P0447,8,2018-05-04,2018-07-09,0.0,completed
P0447-M09,P0447,9,2018-10-15,2018-12-30,0.0,completed
P0447-M10,P0447,10,2019-03-10,2019-05-28,0.0,completed
P0447-M11,P0447,11,2019-08-04,2019-12-21,0.0,completed
P0447-M12,P0447,12,2020-03-04,2020-06-02,0.0,completed
P0447-M13,P0447,13,2020-12-24,2021-03-02,0.0,completed
P0448-M01,P0448,1,2019-01-22,2018-11-26,1.0,completed
P0448-M02,P0448,2,2019-07-07,2019-05-23,1.0,completed
P0448-M03,P0448,3,2019-12-28,2019-10-25,1.0,completed
P0448-M04,P0448,4,2020-05-07,2020-04-27,1.0,completed
P0448-M05,P0448,5,2020-10-07,2020-08-04,1.0,completed
P0448-M06,P0448,6,2021-02-18,2020-12-28,1.0,completed
P0448-M07,P0448,7,2021-07-15,2021-04-30,1.0,completed
P0448-M08,P0448,8,2021-12-24,2021-09-24,1.0,completed
P0448-M09,P0448,9,2022-05-15,2022-03-06,1.0,completed
P0448-M10,P0448,10,2022-11-15,2022-10-30,1.0,completed
P0448-M11,P0448,11,2023-09-01,2023-08-29,1.0,completed
P0449-M01,P0449,1,2026-04-01,2026-02-27,1.0,completed
P0449-M02,P0449,2,2026-08-05,,,open
P0449-M03,P0449,3,2027-03-17,,,open
P0449-M04,P0449,4,2027-10-01,,,open
P0451-M01,P0451,1,2026-03-02,2026-05-11,0.0,completed
P0451-M02,P0451,2,2027-01-27,,,open
P0451-M03,P0451,3,2027-06-25,,,open
P0451-M04,P0451,4,2027-11-21,,,open
P0451-M05,P0451,5,2028-04-17,,,open
P0451-M06,P0451,6,2028-09-13,,,open
P0451-M07,P0451,7,2029-02-09,,,open
P0451-M08,P0451,8,2029-07-07,,,open
P0451-M09,P0451,9,2029-12-03,,,open
P0451-M10,P0451,10,2030-05-01,,,open
P0453-M01,P0453,1,2021-12-06,2021-11-23,1.0,completed
P0453-M02,P0453,2,2022-06-24,2022-06-05,1.0,completed
P0453-M03,P0453,3,2022-12-30,2022-12-11,1.0,completed
P0453-M04,P0453,4,2023-05-26,2023-05-03,1.0,completed
P0453-M05,P0453,5,2023-09-14,2023-10-02,0.0,completed
P0453-M06,P0453,6,2024-02-23,2024-02-25,0.0,completed
P0453-M07,P0453,7,2024-07-10,2024-07-03,1.0,completed
P0453-M08,P0453,8,2024-11-19,2024-11-13,1.0,completed
P0453-M09,P0453,9,2025-04-20,2025-04-30,0.0,completed
P0453-M10,P0453,10,2025-10-25,2025-09-17,1.0,completed
P0453-M11,P0453,11,2026-04-04,2026-04-03,1.0,completed
P0453-M12,P0453,12,2027-02-01,,,open
P0462-M01,P0462,1,2026-01-22,2026-01-05,1.0,completed
P0462-M02,P0462,2,2026-05-02,2026-05-08,0.0,completed
P0462-M03,P0462,3,2026-12-16,,,open
P0462-M04,P0462,4,2027-04-01,,,open
P0464-M01,P0464,1,2018-01-09,2018-02-18,0.0,completed
P0464-M02,P0464,2,2018-06-03,2018-08-07,0.0,completed
P0464-M03,P0464,3,2018-10-05,2019-02-08,0.0,completed
P0464-M04,P0464,4,2019-03-03,2019-09-16,0.0,completed
P0464-M05,P0464,5,2019-10-31,2020-09-02,0.0,completed
P0465-M01,P0465,1,2025-12-02,2026-03-16,0.0,completed
P0465-M02,P0465,2,2026-07-03,,,open
P0465-M03,P0465,3,2027-02-17,,,open
P0465-M04,P0465,4,2027-08-05,,,open
P0465-M05,P0465,5,2028-01-21,,,open
P0465-M06,P0465,6,2028-07-08,,,open
P0465-M07,P0465,7,2028-12-24,,,open
P0465-M08,P0465,8,2029-06-11,,,open
P0465-M09,P0465,9,2029-11-27,,,open
P0465-M10,P0465,10,2030-05-15,,,open
P0465-M11,P0465,11,2030-11-01,,,open
P0473-M01,P0473,1,2026-02-02,2026-02-21,0.0,completed
P0473-M02,P0473,2,2026-07-03,2026-07-10,0.0,completed
P0473-M03,P0473,3,2027-01-30,,,open
P0473-M04,P0473,4,2027-07-01,,,open
P0481-M01,P0481,1,2023-03-12,2023-03-30,0.0,completed
P0481-M02,P0481,2,2023-08-23,2023-08-16,1.0,completed
P0481-M03,P0481,3,2024-01-21,2024-03-28,0.0,completed
P0481-M04,P0481,4,2024-09-03,2024-11-02,0.0,completed
P0482-M01,P0482,1,2022-05-09,2022-07-07,0.0,completed
P0482-M02,P0482,2,2022-11-20,2023-02-27,0.0,completed
P0482-M03,P0482,3,2023-04-28,2023-08-04,0.0,completed
P0482-M04,P0482,4,2023-09-17,2024-01-03,0.0,completed
P0482-M05,P0482,5,2024-01-20,2024-06-09,0.0,completed
P0482-M06,P0482,6,2024-06-02,2024-10-14,0.0,completed
P0482-M07,P0482,7,2024-11-24,2025-03-06,0.0,completed
P0482-M08,P0482,8,2025-04-25,2025-10-01,0.0,completed
P0482-M09,P0482,9,2025-10-14,2026-03-24,0.0,completed
P0482-M10,P0482,10,2026-07-31,,,open
P0485-M01,P0485,1,2024-01-17,2024-03-27,0.0,completed
P0485-M02,P0485,2,2024-07-16,2024-08-06,0.0,completed
P0485-M03,P0485,3,2024-11-23,2025-01-12,0.0,completed
P0485-M04,P0485,4,2025-05-04,2025-07-25,0.0,completed
P0485-M05,P0485,5,2025-12-13,2025-12-27,0.0,completed
P0486-M01,P0486,1,2017-05-17,2017-03-10,1.0,completed
P0486-M02,P0486,2,2017-11-20,2017-09-20,1.0,completed
P0486-M03,P0486,3,2018-05-05,2018-03-26,1.0,completed
P0486-M04,P0486,4,2018-10-11,2018-09-18,1.0,completed
P0486-M05,P0486,5,2019-03-23,2019-01-20,1.0,completed
P0486-M06,P0486,6,2019-07-08,2019-07-28,0.0,completed
P0486-M07,P0486,7,2019-12-21,2019-12-23,0.0,completed
P0486-M08,P0486,8,2020-05-19,2020-07-08,0.0,completed
P0486-M09,P0486,9,2020-11-06,2021-01-17,0.0,completed
P0486-M10,P0486,10,2021-05-09,2021-09-17,0.0,completed
P0486-M11,P0486,11,2022-02-05,2022-07-23,0.0,completed
P0487-M01,P0487,1,2022-04-12,2022-03-10,1.0,completed
P0487-M02,P0487,2,2022-09-12,2022-08-28,1.0,completed
P0487-M03,P0487,3,2023-01-10,2023-01-14,0.0,completed
P0487-M04,P0487,4,2023-06-11,2023-06-05,1.0,completed
P0487-M05,P0487,5,2024-01-20,2024-01-05,1.0,completed
P0493-M01,P0493,1,2018-08-04,2018-07-17,1.0,completed
P0493-M02,P0493,2,2019-02-03,2019-01-07,1.0,completed
P0493-M03,P0493,3,2019-08-11,2019-07-21,1.0,completed
P0493-M04,P0493,4,2020-01-25,2019-12-13,1.0,completed
P0493-M05,P0493,5,2020-05-29,2020-05-02,1.0,completed
P0493-M06,P0493,6,2020-10-03,2020-10-11,0.0,completed
P0493-M07,P0493,7,2021-02-20,2021-02-23,0.0,completed
P0493-M08,P0493,8,2021-07-31,2021-06-27,1.0,completed
P0493-M09,P0493,9,2022-01-11,2021-12-19,1.0,completed
P0493-M10,P0493,10,2022-07-16,2022-07-18,0.0,completed
P0493-M11,P0493,11,2023-04-19,2023-04-02,1.0,completed
P0494-M01,P0494,1,2025-03-03,2025-05-24,0.0,completed
P0494-M02,P0494,2,2025-09-30,2025-11-12,0.0,completed
P0494-M03,P0494,3,2026-01-23,2026-04-28,0.0,completed
P0494-M04,P0494,4,2026-06-30,,,open
P0494-M05,P0494,5,2027-02-07,,,open
P0494-M06,P0494,6,2027-07-17,,,open
P0494-M07,P0494,7,2027-12-24,,,open
P0494-M08,P0494,8,2028-06-01,,,open
P0500-M01,P0500,1,2027-02-10,,,open
P0500-M02,P0500,2,2027-07-22,,,open
P0500-M03,P0500,3,2028-01-01,,,open
P0500-M04,P0500,4,2028-06-11,,,open
P0500-M05,P0500,5,2028-11-20,,,open
P0500-M06,P0500,6,2029-05-02,,,open
P0500-M07,P0500,7,2029-10-11,,,open
P0500-M08,P0500,8,2030-03-22,,,open
P0500-M09,P0500,9,2030-09-01,,,open
P0512-M01,P0512,1,2026-06-21,2026-05-10,1.0,completed
P0512-M02,P0512,2,2027-01-31,,,open
P0512-M03,P0512,3,2027-07-02,,,open
P0512-M04,P0512,4,2027-12-01,,,open
P0512-M05,P0512,5,2028-05-01,,,open
P0513-M01,P0513,1,2023-08-19,2023-11-19,0.0,completed
P0513-M02,P0513,2,2024-02-29,2024-06-16,0.0,completed
P0513-M03,P0513,3,2024-07-19,2024-11-26,0.0,completed
P0513-M04,P0513,4,2024-12-07,2025-05-04,0.0,completed
P0513-M05,P0513,5,2025-05-28,2025-10-07,0.0,completed
P0513-M06,P0513,6,2025-09-07,2026-03-06,0.0,completed
P0513-M07,P0513,7,2026-01-06,2026-07-11,0.0,completed
P0513-M08,P0513,8,2026-06-27,,,open
P0513-M09,P0513,9,2027-02-23,,,open
P0513-M10,P0513,10,2027-08-17,,,open
P0513-M11,P0513,11,2028-02-08,,,open
P0513-M12,P0513,12,2028-08-01,,,open
P0516-M01,P0516,1,2026-04-15,2026-03-24,1.0,completed
P0516-M02,P0516,2,2027-02-04,,,open
P0516-M03,P0516,3,2027-07-10,,,open
P0516-M04,P0516,4,2027-12-13,,,open
P0516-M05,P0516,5,2028-05-17,,,open
P0516-M06,P0516,6,2028-10-20,,,open
P0516-M07,P0516,7,2029-03-25,,,open
P0516-M08,P0516,8,2029-08-28,,,open
P0516-M09,P0516,9,2030-02-01,,,open
P0518-M01,P0518,1,2021-04-22,2021-04-10,1.0,completed
P0518-M02,P0518,2,2021-09-21,2021-08-04,1.0,completed
P0518-M03,P0518,3,2022-01-02,2021-12-23,1.0,completed
P0518-M04,P0518,4,2022-05-25,2022-06-21,0.0,completed
P0518-M05,P0518,5,2022-10-17,2022-10-17,1.0,completed
P0518-M06,P0518,6,2023-05-22,2023-05-10,1.0,completed
P0519-M01,P0519,1,2025-12-03,2025-11-29,1.0,completed
P0519-M02,P0519,2,2026-03-03,2026-03-21,0.0,completed
P0519-M03,P0519,3,2026-07-19,2026-06-28,1.0,completed
P0519-M04,P0519,4,2027-01-01,,,open
P0522-M01,P0522,1,2023-12-04,2023-12-20,0.0,completed
P0522-M02,P0522,2,2024-06-19,2024-06-12,1.0,completed
P0522-M03,P0522,3,2024-12-05,2024-12-15,0.0,completed
P0522-M04,P0522,4,2025-04-23,2025-05-31,0.0,completed
P0522-M05,P0522,5,2025-09-17,2025-09-11,1.0,completed
P0522-M06,P0522,6,2026-01-04,2026-02-04,0.0,completed
P0522-M07,P0522,7,2026-06-08,2026-07-30,0.0,completed
P0522-M08,P0522,8,2027-02-18,,,open
P0522-M09,P0522,9,2027-08-08,,,open
P0522-M10,P0522,10,2028-01-25,,,open
P0522-M11,P0522,11,2028-07-14,,,open
P0522-M12,P0522,12,2029-01-01,,,open
P0525-M01,P0525,1,2018-02-10,2018-02-24,0.0,completed
P0525-M02,P0525,2,2018-07-29,2018-07-25,1.0,completed
P0525-M03,P0525,3,2018-11-08,2019-01-22,0.0,completed
P0525-M04,P0525,4,2019-04-05,2019-07-13,0.0,completed
P0525-M05,P0525,5,2019-11-11,2020-06-24,0.0,completed
P0531-M01,P0531,1,2016-09-23,2016-10-09,0.0,completed
P0531-M02,P0531,2,2017-04-07,2017-05-16,0.0,completed
P0531-M03,P0531,3,2017-09-14,2017-11-08,0.0,completed
P0531-M04,P0531,4,2018-03-01,2018-03-13,0.0,completed
P0531-M05,P0531,5,2018-07-07,2018-08-18,0.0,completed
P0531-M06,P0531,6,2018-11-22,2019-01-12,0.0,completed
P0531-M07,P0531,7,2019-04-14,2019-05-07,0.0,completed
P0531-M08,P0531,8,2019-09-03,2019-11-12,0.0,completed
P0531-M09,P0531,9,2020-02-22,2020-04-12,0.0,completed
P0531-M10,P0531,10,2020-07-09,2020-09-22,0.0,completed
P0531-M11,P0531,11,2021-02-24,2021-04-22,0.0,completed
P0531-M12,P0531,12,2021-11-27,2022-01-03,0.0,completed
P0533-M01,P0533,1,2026-08-02,,,open
P0533-M02,P0533,2,2027-02-19,,,open
P0533-M03,P0533,3,2027-08-09,,,open
P0533-M04,P0533,4,2028-01-27,,,open
P0533-M05,P0533,5,2028-07-16,,,open
P0533-M06,P0533,6,2029-01-03,,,open
P0533-M07,P0533,7,2029-06-23,,,open
P0533-M08,P0533,8,2029-12-11,,,open
P0533-M09,P0533,9,2030-06-01,,,open
P0536-M01,P0536,1,2022-03-03,2022-04-30,0.0,completed
P0536-M02,P0536,2,2022-10-02,2022-11-24,0.0,completed
P0536-M03,P0536,3,2023-03-17,2023-06-29,0.0,completed
P0536-M04,P0536,4,2023-08-21,2023-11-14,0.0,completed
P0536-M05,P0536,5,2024-01-25,2024-03-02,0.0,completed
P0536-M06,P0536,6,2024-05-24,2024-08-02,0.0,completed
P0536-M07,P0536,7,2024-10-23,2025-01-17,0.0,completed
P0536-M08,P0536,8,2025-03-11,2025-06-20,0.0,completed
P0536-M09,P0536,9,2025-08-20,2025-11-05,0.0,completed
P0536-M10,P0536,10,2026-01-05,2026-05-29,0.0,completed
P0536-M11,P0536,11,2026-08-05,,,open
P0536-M12,P0536,12,2027-06-01,,,open
P0539-M01,P0539,1,2023-02-15,2023-05-29,0.0,completed
P0539-M02,P0539,2,2023-09-23,2024-01-23,0.0,completed
P0539-M03,P0539,3,2024-03-20,2024-07-29,0.0,completed
P0539-M04,P0539,4,2024-08-09,2024-11-03,0.0,completed
P0539-M05,P0539,5,2025-01-20,2025-04-23,0.0,completed
P0539-M06,P0539,6,2025-05-24,2025-08-29,0.0,completed
P0539-M07,P0539,7,2025-10-03,2025-12-21,0.0,completed
P0539-M08,P0539,8,2026-03-09,2026-05-23,0.0,completed
P0539-M09,P0539,9,2026-08-26,,,open
P0539-M10,P0539,10,2027-04-12,,,open
P0539-M11,P0539,11,2027-11-21,,,open
P0539-M12,P0539,12,2028-07-01,,,open
P0542-M01,P0542,1,2025-02-11,2025-02-18,0.0,completed
P0542-M02,P0542,2,2025-07-04,2025-07-19,0.0,completed
P0542-M03,P0542,3,2025-12-23,2025-12-19,1.0,completed
P0542-M04,P0542,4,2026-05-17,2026-05-27,0.0,completed
P0542-M05,P0542,5,2027-01-15,,,open
P0542-M06,P0542,6,2027-06-01,,,open
P0543-M01,P0543,1,2025-07-02,2025-05-06,1.0,completed
P0543-M02,P0543,2,2026-01-27,2025-11-27,1.0,completed
P0543-M03,P0543,3,2026-07-24,2026-04-16,1.0,completed
P0543-M04,P0543,4,2027-02-17,,,open
P0543-M05,P0543,5,2027-08-06,,,open
P0543-M06,P0543,6,2028-01-22,,,open
P0543-M07,P0543,7,2028-07-10,,,open
P0543-M08,P0543,8,2028-12-26,,,open
P0543-M09,P0543,9,2029-06-14,,,open
P0543-M10,P0543,10,2029-12-01,,,open
P0545-M01,P0545,1,2017-07-26,2017-07-02,1.0,completed
P0545-M02,P0545,2,2018-02-06,2017-12-26,1.0,completed
P0545-M03,P0545,3,2018-07-02,2018-05-20,1.0,completed
P0545-M04,P0545,4,2018-12-06,2018-10-06,1.0,completed
P0545-M05,P0545,5,2019-05-26,2019-03-30,1.0,completed
P0545-M06,P0545,6,2019-10-30,2019-08-05,1.0,completed
P0545-M07,P0545,7,2020-03-26,2020-01-22,1.0,completed
P0545-M08,P0545,8,2020-08-15,2020-06-13,1.0,completed
P0545-M09,P0545,9,2021-01-16,2021-01-25,0.0,completed
P0545-M10,P0545,10,2021-08-27,2021-08-04,1.0,completed
P0545-M11,P0545,11,2022-05-25,2022-07-06,0.0,completed
P0549-M01,P0549,1,2020-07-14,2020-10-12,0.0,completed
P0549-M02,P0549,2,2021-01-16,2021-04-04,0.0,completed
P0549-M03,P0549,3,2021-06-03,2021-10-13,0.0,completed
P0549-M04,P0549,4,2021-10-29,2022-02-26,0.0,completed
P0549-M05,P0549,5,2022-03-08,2022-07-13,0.0,completed
P0549-M06,P0549,6,2022-09-05,2023-02-22,0.0,completed
P0549-M07,P0549,7,2023-05-17,2023-10-13,0.0,completed
P0569-M01,P0569,1,2026-02-17,2025-12-22,1.0,completed
P0569-M02,P0569,2,2026-07-04,2026-05-27,1.0,completed
P0569-M03,P0569,3,2027-01-31,,,open
P0569-M04,P0569,4,2027-07-02,,,open
P0569-M05,P0569,5,2027-12-01,,,open
P0569-M06,P0569,6,2028-05-01,,,open
P0569-M07,P0569,7,2028-09-30,,,open
P0569-M08,P0569,8,2029-03-01,,,open
P0570-M01,P0570,1,2023-07-21,2023-07-19,1.0,completed
P0570-M02,P0570,2,2023-12-21,2023-11-06,1.0,completed
P0570-M03,P0570,3,2024-04-26,2024-03-17,1.0,completed
P0570-M04,P0570,4,2024-09-19,2024-08-05,1.0,completed
P0570-M05,P0570,5,2025-02-21,2025-02-10,1.0,completed
P0570-M06,P0570,6,2025-09-13,2025-10-03,0.0,completed
P0575-M01,P0575,1,2020-02-24,2020-02-27,0.0,completed
P0575-M02,P0575,2,2020-09-21,2020-08-07,1.0,completed
P0575-M03,P0575,3,2021-02-22,2021-02-26,0.0,completed
P0575-M04,P0575,4,2021-07-15,2021-07-10,1.0,completed
P0575-M05,P0575,5,2021-12-23,2022-01-24,0.0,completed
P0575-M06,P0575,6,2022-05-04,2022-06-15,0.0,completed
P0575-M07,P0575,7,2022-10-08,2022-11-12,0.0,completed
P0575-M08,P0575,8,2023-03-20,2023-04-01,0.0,completed
P0575-M09,P0575,9,2023-08-27,2023-09-11,0.0,completed
P0575-M10,P0575,10,2024-03-17,2024-04-27,0.0,completed
P0575-M11,P0575,11,2024-12-26,2025-01-25,0.0,completed
P0576-M01,P0576,1,2024-08-13,2024-08-10,1.0,completed
P0576-M02,P0576,2,2025-01-26,2025-02-22,0.0,completed
P0576-M03,P0576,3,2025-05-22,2025-08-20,0.0,completed
P0576-M04,P0576,4,2025-09-03,2025-12-09,0.0,completed
P0576-M05,P0576,5,2026-02-14,2026-05-30,0.0,completed
P0576-M06,P0576,6,2026-10-01,,,open
P0578-M01,P0578,1,2026-03-10,2026-02-05,1.0,completed
P0578-M02,P0578,2,2026-08-07,2026-07-07,1.0,completed
P0578-M03,P0578,3,2027-02-10,,,open
P0578-M04,P0578,4,2027-07-22,,,open
P0578-M05,P0578,5,2027-12-31,,,open
P0578-M06,P0578,6,2028-06-10,,,open
P0578-M07,P0578,7,2028-11-19,,,open
P0578-M08,P0578,8,2029-05-01,,,open
P0582-M01,P0582,1,2023-05-12,2023-09-10,0.0,completed
P0582-M02,P0582,2,2023-11-22,2024-03-03,0.0,completed
P0582-M03,P0582,3,2024-05-30,2024-09-16,0.0,completed
P0582-M04,P0582,4,2024-10-01,2025-02-09,0.0,completed
P0582-M05,P0582,5,2025-02-06,2025-07-02,0.0,completed
P0582-M06,P0582,6,2025-06-06,2025-12-29,0.0,completed
P0582-M07,P0582,7,2025-11-19,2026-04-02,0.0,completed
P0582-M08,P0582,8,2026-04-23,,,open
P0582-M09,P0582,9,2026-08-18,,,open
P0582-M10,P0582,10,2027-04-02,,,open
P0582-M11,P0582,11,2027-11-01,,,open
P0582-M12,P0582,12,2028-06-01,,,open
P0583-M01,P0583,1,2025-06-01,2025-06-05,0.0,completed
P0583-M02,P0583,2,2025-08-11,2025-11-05,0.0,completed
P0583-M03,P0583,3,2025-12-09,2026-04-16,0.0,completed
P0583-M04,P0583,4,2026-06-05,,,open
P0588-M01,P0588,1,2026-07-10,2026-07-26,0.0,completed
P0588-M02,P0588,2,2027-01-21,,,open
P0588-M03,P0588,3,2027-06-12,,,open
P0588-M04,P0588,4,2027-11-01,,,open
P0589-M01,P0589,1,2025-03-03,2025-04-17,0.0,completed
P0589-M02,P0589,2,2025-10-07,2025-11-09,0.0,completed
P0589-M03,P0589,3,2026-03-08,2026-04-13,0.0,completed
P0589-M04,P0589,4,2026-08-08,2026-08-24,0.0,completed
P0589-M05,P0589,5,2027-02-19,,,open
P0589-M06,P0589,6,2027-08-09,,,open
P0589-M07,P0589,7,2028-01-27,,,open
P0589-M08,P0589,8,2028-07-16,,,open
P0589-M09,P0589,9,2029-01-03,,,open
P0589-M10,P0589,10,2029-06-23,,,open
P0589-M11,P0589,11,2029-12-11,,,open
P0589-M12,P0589,12,2030-06-01,,,open
P0590-M01,P0590,1,2016-08-30,2016-10-02,0.0,completed
P0590-M02,P0590,2,2017-02-21,2017-04-19,0.0,completed
P0590-M03,P0590,3,2017-08-22,2017-10-27,0.0,completed
P0590-M04,P0590,4,2017-12-16,2018-04-06,0.0,completed
P0590-M05,P0590,5,2018-05-03,2018-10-04,0.0,completed
P0590-M06,P0590,6,2018-09-07,2019-03-13,0.0,completed
P0590-M07,P0590,7,2019-02-23,2019-08-13,0.0,completed
P0590-M08,P0590,8,2019-07-15,2019-12-02,0.0,completed
P0590-M09,P0590,9,2019-11-11,2020-05-23,0.0,completed
P0590-M10,P0590,10,2020-05-18,2020-11-18,0.0,completed
P0590-M11,P0590,11,2020-11-14,2021-07-27,0.0,completed
P0590-M12,P0590,12,2021-08-04,2022-06-01,0.0,completed
P0591-M01,P0591,1,2021-03-09,2021-01-21,1.0,completed
P0591-M02,P0591,2,2021-08-27,2021-06-18,1.0,completed
P0591-M03,P0591,3,2022-02-01,2021-12-31,1.0,completed
P0591-M04,P0591,4,2022-05-21,2022-04-19,1.0,completed
P0591-M05,P0591,5,2022-10-31,2022-10-06,1.0,completed
P0591-M06,P0591,6,2023-04-01,2023-04-18,0.0,completed
P0591-M07,P0591,7,2023-11-06,2024-01-27,0.0,completed
P0599-M01,P0599,1,2027-02-24,,,open
P0599-M02,P0599,2,2027-08-20,,,open
P0599-M03,P0599,3,2028-02-13,,,open
P0599-M04,P0599,4,2028-08-08,,,open
P0599-M05,P0599,5,2029-02-01,,,open
P0603-M01,P0603,1,2024-04-21,2024-03-14,1.0,completed
P0603-M02,P0603,2,2024-10-14,2024-07-26,1.0,completed
P0603-M03,P0603,3,2025-02-05,2025-01-10,1.0,completed
P0603-M04,P0603,4,2025-07-07,2025-06-07,1.0,completed
P0603-M05,P0603,5,2025-12-27,2025-10-24,1.0,completed
P0603-M06,P0603,6,2026-04-16,2026-04-12,1.0,completed
P0603-M07,P0603,7,2027-01-30,,,open
P0603-M08,P0603,8,2027-07-01,,,open
P0615-M01,P0615,1,2025-07-13,2025-08-02,0.0,completed
P0615-M02,P0615,2,2026-01-29,2026-01-02,1.0,completed
P0615-M03,P0615,3,2026-06-29,2026-06-24,1.0,completed
P0615-M04,P0615,4,2027-02-04,,,open
P0615-M05,P0615,5,2027-07-11,,,open
P0615-M06,P0615,6,2027-12-14,,,open
P0615-M07,P0615,7,2028-05-19,,,open
P0615-M08,P0615,8,2028-10-22,,,open
P0615-M09,P0615,9,2029-03-28,,,open
P0615-M10,P0615,10,2029-09-01,,,open
P0625-M01,P0625,1,2023-09-20,2023-12-14,0.0,completed
P0625-M02,P0625,2,2024-04-12,2024-07-15,0.0,completed
P0625-M03,P0625,3,2024-09-27,2024-10-03,0.0,completed
P0625-M04,P0625,4,2025-02-05,2025-04-13,0.0,completed
P0625-M05,P0625,5,2025-07-21,2025-10-17,0.0,completed
P0625-M06,P0625,6,2025-11-29,2026-03-22,0.0,completed
P0625-M07,P0625,7,2026-04-14,2026-08-04,0.0,completed
P0625-M08,P0625,8,2027-02-12,,,open
P0625-M09,P0625,9,2027-07-26,,,open
P0625-M10,P0625,10,2028-01-07,,,open
P0625-M11,P0625,11,2028-06-19,,,open
P0625-M12,P0625,12,2028-12-01,,,open
P0626-M01,P0626,1,2025-12-25,2026-02-22,0.0,completed
P0626-M02,P0626,2,2026-05-16,2026-07-24,0.0,completed
P0626-M03,P0626,3,2027-01-31,,,open
P0626-M04,P0626,4,2027-07-02,,,open
P0626-M05,P0626,5,2027-12-01,,,open
P0626-M06,P0626,6,2028-05-01,,,open
P0629-M01,P0629,1,2027-01-25,,,open
P0629-M02,P0629,2,2027-06-20,,,open
P0629-M03,P0629,3,2027-11-13,,,open
P0629-M04,P0629,4,2028-04-07,,,open
P0629-M05,P0629,5,2028-09-01,,,open
P0631-M01,P0631,1,2026-01-26,2025-12-21,1.0,completed
P0631-M02,P0631,2,2026-07-14,2026-06-15,1.0,completed
P0631-M03,P0631,3,2027-02-10,,,open
P0631-M04,P0631,4,2027-07-22,,,open
P0631-M05,P0631,5,2028-01-01,,,open
P0631-M06,P0631,6,2028-06-11,,,open
P0631-M07,P0631,7,2028-11-20,,,open
P0631-M08,P0631,8,2029-05-02,,,open
P0631-M09,P0631,9,2029-10-11,,,open
P0631-M10,P0631,10,2030-03-22,,,open
P0631-M11,P0631,11,2030-09-01,,,open
P0649-M01,P0649,1,2017-09-04,2018-01-08,0.0,completed
P0649-M02,P0649,2,2018-03-23,2018-07-25,0.0,completed
P0649-M03,P0649,3,2018-09-08,2019-03-28,0.0,completed
P0649-M04,P0649,4,2019-02-17,2019-10-01,0.0,completed
P0649-M05,P0649,5,2019-07-31,2020-02-24,0.0,completed
P0649-M06,P0649,6,2019-12-08,2020-07-07,0.0,completed
P0649-M07,P0649,7,2020-05-04,2020-11-29,0.0,completed
P0649-M08,P0649,8,2020-10-29,2021-03-20,0.0,completed
P0649-M09,P0649,9,2021-03-28,2021-08-19,0.0,completed
P0649-M10,P0649,10,2021-09-04,2022-02-19,0.0,completed
P0649-M11,P0649,11,2022-03-23,2022-08-25,0.0,completed
P0649-M12,P0649,12,2023-01-29,2023-05-28,0.0,completed
P0652-M01,P0652,1,2015-09-07,2015-09-26,0.0,completed
P0652-M02,P0652,2,2016-03-16,2016-04-25,0.0,completed
P0652-M03,P0652,3,2016-08-05,2016-09-23,0.0,completed
P0652-M04,P0652,4,2017-01-29,2017-02-12,0.0,completed
P0652-M05,P0652,5,2017-05-13,2017-07-28,0.0,completed
P0652-M06,P0652,6,2017-10-20,2018-01-11,0.0,completed
P0652-M07,P0652,7,2018-03-04,2018-07-24,0.0,completed
P0652-M08,P0652,8,2018-08-16,2018-12-18,0.0,completed
P0652-M09,P0652,9,2019-02-24,2019-06-10,0.0,completed
P0652-M10,P0652,10,2019-11-25,2020-03-29,0.0,completed
P0657-M01,P0657,1,2026-01-13,2026-01-22,0.0,completed
P0657-M02,P0657,2,2026-06-07,2026-06-13,0.0,completed
P0657-M03,P0657,3,2027-01-30,,,open
P0657-M04,P0657,4,2027-07-01,,,open
P0658-M01,P0658,1,2026-07-02,,,open
P0658-M02,P0658,2,2027-02-15,,,open
P0658-M03,P0658,3,2027-08-01,,,open
P0658-M04,P0658,4,2028-01-16,,,open
P0658-M05,P0658,5,2028-07-01,,,open
P0658-M06,P0658,6,2028-12-15,,,open
P0658-M07,P0658,7,2029-06-01,,,open
P0664-M01,P0664,1,2025-03-14,2025-05-18,0.0,completed
P0664-M02,P0664,2,2025-08-24,2025-11-05,0.0,completed
P0664-M03,P0664,3,2026-01-26,2026-07-01,0.0,completed
P0664-M04,P0664,4,2026-05-28,,,open
P0664-M05,P0664,5,2027-01-23,,,open
P0664-M06,P0664,6,2027-06-17,,,open
P0664-M07,P0664,7,2027-11-08,,,open
P0664-M08,P0664,8,2028-04-01,,,open
P0668-M01,P0668,1,2019-10-16,2019-09-23,1.0,completed
P0668-M02,P0668,2,2020-04-14,2020-03-15,1.0,completed
P0668-M03,P0668,3,2020-08-10,2020-09-11,0.0,completed
P0668-M04,P0668,4,2021-01-18,2021-03-02,0.0,completed
P0668-M05,P0668,5,2021-06-17,2021-08-21,0.0,completed
P0668-M06,P0668,6,2021-10-05,2022-01-09,0.0,completed
P0668-M07,P0668,7,2022-04-20,2022-08-02,0.0,completed
P0668-M08,P0668,8,2022-12-22,2023-06-23,0.0,completed
P0669-M01,P0669,1,2018-02-28,2018-03-27,0.0,completed
P0669-M02,P0669,2,2018-08-04,2018-09-16,0.0,completed
P0669-M03,P0669,3,2019-01-01,2019-01-14,0.0,completed
P0669-M04,P0669,4,2019-05-22,2019-06-23,0.0,completed
P0669-M05,P0669,5,2019-11-20,2020-01-04,0.0,completed
P0669-M06,P0669,6,2020-07-30,2020-10-04,0.0,completed
P0673-M01,P0673,1,2026-03-11,2026-03-07,1.0,completed
P0673-M02,P0673,2,2026-08-11,2026-07-07,1.0,completed
P0673-M03,P0673,3,2027-02-15,,,open
P0673-M04,P0673,4,2027-08-01,,,open
P0675-M01,P0675,1,2014-10-21,2014-08-20,1.0,completed
P0675-M02,P0675,2,2015-05-18,2015-02-23,1.0,completed
P0675-M03,P0675,3,2015-11-24,2015-08-28,1.0,completed
P0675-M04,P0675,4,2016-04-16,2016-02-21,1.0,completed
P0675-M05,P0675,5,2016-09-14,2016-06-03,1.0,completed
P0675-M06,P0675,6,2017-01-02,2016-12-11,1.0,completed
P0675-M07,P0675,7,2017-06-19,2017-04-23,1.0,completed
P0675-M08,P0675,8,2017-11-30,2017-10-23,1.0,completed
P0675-M09,P0675,9,2018-04-21,2018-05-14,0.0,completed
P0675-M10,P0675,10,2018-10-11,2018-12-27,0.0,completed
P0675-M11,P0675,11,2019-05-10,2019-07-15,0.0,completed
P0675-M12,P0675,12,2020-02-29,2020-08-15,0.0,completed
P0678-M01,P0678,1,2024-12-01,2025-02-26,0.0,completed
P0678-M02,P0678,2,2025-04-08,2025-07-28,0.0,completed
P0678-M03,P0678,3,2025-09-01,2025-11-15,0.0,completed
P0678-M04,P0678,4,2026-01-14,2026-04-17,0.0,completed
P0678-M05,P0678,5,2026-06-02,,,open
P0678-M06,P0678,6,2027-02-01,,,open
P0688-M01,P0688,1,2025-11-07,2026-03-10,0.0,completed
P0688-M02,P0688,2,2026-04-04,,,open
P0688-M03,P0688,3,2026-08-26,,,open
P0688-M04,P0688,4,2027-02-10,,,open
P0688-M05,P0688,5,2027-07-22,,,open
P0688-M06,P0688,6,2028-01-01,,,open
P0693-M01,P0693,1,2023-02-14,2023-07-17,0.0,completed
P0693-M02,P0693,2,2023-08-25,2024-02-11,0.0,completed
P0693-M03,P0693,3,2024-01-14,2024-06-10,0.0,completed
P0693-M04,P0693,4,2024-06-20,2024-11-16,0.0,completed
P0693-M05,P0693,5,2024-11-03,2025-05-11,0.0,completed
P0693-M06,P0693,6,2025-04-15,2025-10-17,0.0,completed
P0693-M07,P0693,7,2025-10-29,2026-04-17,0.0,completed
P0693-M08,P0693,8,2026-06-30,,,open
P0697-M01,P0697,1,2025-02-18,2025-04-26,0.0,completed
P0697-M02,P0697,2,2025-07-04,2025-09-15,0.0,completed
P0697-M03,P0697,3,2025-11-14,2026-02-05,0.0,completed
P0697-M04,P0697,4,2026-04-04,2026-06-05,0.0,completed
P0697-M05,P0697,5,2026-12-31,,,open
P0697-M06,P0697,6,2027-05-01,,,open
P0709-M01,P0709,1,2025-06-08,2025-07-07,0.0,completed
P0709-M02,P0709,2,2025-11-05,2025-12-10,0.0,completed
P0709-M03,P0709,3,2026-03-15,2026-04-10,0.0,completed
P0709-M04,P0709,4,2026-08-11,2026-08-03,1.0,completed
P0709-M05,P0709,5,2027-03-02,,,open
P0709-M06,P0709,6,2027-09-01,,,open
P0711-M01,P0711,1,2026-05-15,2026-06-19,0.0,completed
P0711-M02,P0711,2,2027-02-10,,,open
P0711-M03,P0711,3,2027-07-22,,,open
P0711-M04,P0711,4,2027-12-31,,,open
P0711-M05,P0711,5,2028-06-10,,,open
P0711-M06,P0711,6,2028-11-19,,,open
P0711-M07,P0711,7,2029-05-01,,,open
P0714-M01,P0714,1,2023-08-08,2023-10-08,0.0,completed
P0714-M02,P0714,2,2024-03-10,2024-05-27,0.0,completed
P0714-M03,P0714,3,2024-08-28,2024-12-02,0.0,completed
P0714-M04,P0714,4,2025-01-25,2025-05-18,0.0,completed
P0714-M05,P0714,5,2025-06-13,2025-11-14,0.0,completed
P0714-M06,P0714,6,2025-11-24,2026-05-17,0.0,completed
P0714-M07,P0714,7,2026-04-04,,,open
P0714-M08,P0714,8,2027-02-12,,,open
P0714-M09,P0714,9,2027-07-26,,,open
P0714-M10,P0714,10,2028-01-07,,,open
P0714-M11,P0714,11,2028-06-19,,,open
P0714-M12,P0714,12,2028-12-01,,,open
P0718-M01,P0718,1,2026-04-21,2026-03-03,1.0,completed
P0718-M02,P0718,2,2027-02-08,2026-08-02,1.0,completed
P0718-M03,P0718,3,2027-07-19,,,open
P0718-M04,P0718,4,2027-12-27,,,open
P0718-M05,P0718,5,2028-06-05,,,open
P0718-M06,P0718,6,2028-11-13,,,open
P0718-M07,P0718,7,2029-04-23,,,open
P0718-M08,P0718,8,2029-10-01,,,open
P0730-M01,P0730,1,2025-05-06,2025-05-20,0.0,completed
P0730-M02,P0730,2,2025-10-02,2025-10-05,0.0,completed
P0730-M03,P0730,3,2026-03-01,2026-03-31,0.0,completed
P0730-M04,P0730,4,2026-06-25,2026-08-10,0.0,completed
P0730-M05,P0730,5,2027-01-30,,,open
P0730-M06,P0730,6,2027-07-01,,,open
P0731-M01,P0731,1,2013-07-28,2013-09-17,0.0,completed
P0731-M02,P0731,2,2014-02-12,2014-05-13,0.0,completed
P0731-M03,P0731,3,2014-07-07,2014-10-05,0.0,completed
P0731-M04,P0731,4,2014-12-24,2015-06-10,0.0,completed
P0731-M05,P0731,5,2015-05-13,2015-11-02,0.0,completed
P0731-M06,P0731,6,2015-09-09,2016-05-30,0.0,completed
P0731-M07,P0731,7,2016-02-07,2016-10-19,0.0,completed
P0731-M08,P0731,8,2016-06-15,2017-04-11,0.0,completed
P0731-M09,P0731,9,2016-11-30,2017-09-29,0.0,completed
P0731-M10,P0731,10,2017-04-12,2018-03-17,0.0,completed
P0731-M11,P0731,11,2017-09-02,2018-09-27,0.0,completed
P0731-M12,P0731,12,2018-04-27,2019-04-22,0.0,completed
P0731-M13,P0731,13,2019-01-27,2020-02-05,0.0,completed
P0734-M01,P0734,1,2024-05-01,2024-06-04,0.0,completed
P0734-M02,P0734,2,2024-09-19,2024-11-13,0.0,completed
P0734-M03,P0734,3,2025-02-21,2025-05-01,0.0,completed
P0734-M04,P0734,4,2025-10-31,2025-12-16,0.0,completed
P0739-M01,P0739,1,2017-01-08,2016-12-20,1.0,completed
P0739-M02,P0739,2,2017-08-30,2017-07-23,1.0,completed
P0739-M03,P0739,3,2018-01-11,2018-01-29,0.0,completed
P0739-M04,P0739,4,2018-06-11,2018-07-01,0.0,completed
P0739-M05,P0739,5,2018-11-08,2018-12-13,0.0,completed
P0739-M06,P0739,6,2019-03-13,2019-04-27,0.0,completed
P0739-M07,P0739,7,2019-08-04,2019-08-16,0.0,completed
P0739-M08,P0739,8,2019-12-30,2019-12-29,1.0,completed
P0739-M09,P0739,9,2020-05-05,2020-05-28,0.0,completed
P0739-M10,P0739,10,2020-10-09,2020-09-23,1.0,completed
P0739-M11,P0739,11,2021-03-19,2021-02-06,1.0,completed
P0739-M12,P0739,12,2021-10-29,2021-11-12,0.0,completed
P0739-M13,P0739,13,2022-07-23,2022-08-20,0.0,completed
P0741-M01,P0741,1,2017-10-11,2017-10-10,1.0,completed
P0741-M02,P0741,2,2018-04-07,2018-05-13,0.0,completed
P0741-M03,P0741,3,2018-09-13,2018-11-18,0.0,completed
P0741-M04,P0741,4,2019-02-13,2019-05-23,0.0,completed
P0741-M05,P0741,5,2019-06-17,2019-10-11,0.0,completed
P0741-M06,P0741,6,2019-11-16,2020-02-26,0.0,completed
P0741-M07,P0741,7,2020-03-04,2020-08-27,0.0,completed
P0741-M08,P0741,8,2020-08-11,2021-01-12,0.0,completed
P0741-M09,P0741,9,2021-01-24,2021-08-07,0.0,completed
P0741-M10,P0741,10,2021-07-10,2022-03-31,0.0,completed
P0741-M11,P0741,11,2022-04-22,2023-01-10,0.0,completed
P0743-M01,P0743,1,2025-09-25,2025-10-26,0.0,completed
P0743-M02,P0743,2,2026-03-01,2026-03-10,0.0,completed
P0743-M03,P0743,3,2026-07-17,,,open
P0743-M04,P0743,4,2027-02-15,,,open
P0743-M05,P0743,5,2027-08-01,,,open
P0744-M01,P0744,1,2025-11-21,2025-11-16,1.0,completed
P0744-M02,P0744,2,2026-04-10,2026-04-04,1.0,completed
P0744-M03,P0744,3,2027-01-15,,,open
P0744-M04,P0744,4,2027-06-01,,,open
P0745-M01,P0745,1,2025-03-08,2025-03-26,0.0,completed
P0745-M02,P0745,2,2025-08-08,2025-10-06,0.0,completed
P0745-M03,P0745,3,2025-12-26,2026-02-18,0.0,completed
P0745-M04,P0745,4,2026-05-07,2026-07-17,0.0,completed
P0745-M05,P0745,5,2027-01-15,,,open
P0745-M06,P0745,6,2027-06-01,,,open
P0751-M01,P0751,1,2018-10-08,2018-10-07,1.0,completed
P0751-M02,P0751,2,2019-04-29,2019-03-16,1.0,completed
P0751-M03,P0751,3,2019-09-24,2019-09-29,0.0,completed
P0751-M04,P0751,4,2020-01-29,2020-03-02,0.0,completed
P0751-M05,P0751,5,2020-06-03,2020-08-07,0.0,completed
P0751-M06,P0751,6,2020-10-16,2021-01-24,0.0,completed
P0751-M07,P0751,7,2021-03-09,2021-05-26,0.0,completed
P0751-M08,P0751,8,2021-09-23,2021-11-28,0.0,completed
P0751-M09,P0751,9,2022-05-20,2022-07-25,0.0,completed
P0756-M01,P0756,1,2019-10-20,2019-09-17,1.0,completed
P0756-M02,P0756,2,2020-01-30,2020-01-03,1.0,completed
P0756-M03,P0756,3,2020-05-03,2020-05-29,0.0,completed
P0756-M04,P0756,4,2020-10-14,2020-10-20,0.0,completed
P0768-M01,P0768,1,2020-05-16,2020-05-01,1.0,completed
P0768-M02,P0768,2,2020-11-26,2020-11-27,0.0,completed
P0768-M03,P0768,3,2021-05-23,2021-06-12,0.0,completed
P0768-M04,P0768,4,2021-10-20,2021-12-05,0.0,completed
P0768-M05,P0768,5,2022-03-17,2022-06-25,0.0,completed
P0768-M06,P0768,6,2022-07-17,2022-10-02,0.0,completed
P0768-M07,P0768,7,2022-12-25,2023-04-30,0.0,completed
P0768-M08,P0768,8,2023-05-10,2023-11-24,0.0,completed
P0768-M09,P0768,9,2023-11-15,2024-05-25,0.0,completed
P0768-M10,P0768,10,2024-05-22,2025-02-09,0.0,completed
P0768-M11,P0768,11,2025-02-27,2026-02-21,0.0,completed
P0774-M01,P0774,1,2017-09-25,2017-10-06,0.0,completed
P0774-M02,P0774,2,2018-02-17,2018-02-20,0.0,completed
P0774-M03,P0774,3,2018-06-24,2018-08-26,0.0,completed
P0774-M04,P0774,4,2018-11-10,2019-01-09,0.0,completed
P0774-M05,P0774,5,2019-04-13,2019-07-05,0.0,completed
P0774-M06,P0774,6,2019-11-18,2020-05-07,0.0,completed
P0777-M01,P0777,1,2019-02-27,2019-02-06,1.0,completed
P0777-M02,P0777,2,2019-07-17,2019-07-19,0.0,completed
P0777-M03,P0777,3,2019-12-13,2019-12-24,0.0,completed
P0777-M04,P0777,4,2020-04-05,2020-05-09,0.0,completed
P0777-M05,P0777,5,2020-10-01,2020-09-22,1.0,completed
P0777-M06,P0777,6,2021-02-12,2021-03-11,0.0,completed
P0777-M07,P0777,7,2021-10-27,2021-10-10,1.0,completed
P0778-M01,P0778,1,2025-08-02,2025-09-26,0.0,completed
P0778-M02,P0778,2,2026-02-23,2026-04-10,0.0,completed
P0778-M03,P0778,3,2026-08-29,,,open
P0778-M04,P0778,4,2027-02-19,,,open
P0778-M05,P0778,5,2027-08-09,,,open
P0778-M06,P0778,6,2028-01-27,,,open
P0778-M07,P0778,7,2028-07-16,,,open
P0778-M08,P0778,8,2029-01-03,,,open
P0778-M09,P0778,9,2029-06-23,,,open
P0778-M10,P0778,10,2029-12-11,,,open
P0778-M11,P0778,11,2030-06-01,,,open
P0779-M01,P0779,1,2025-09-22,2025-07-29,1.0,completed
P0779-M02,P0779,2,2026-03-08,2026-01-06,1.0,completed
P0779-M03,P0779,3,2026-07-13,2026-06-11,1.0,completed
P0779-M04,P0779,4,2027-02-12,,,open
P0779-M05,P0779,5,2027-07-26,,,open
P0779-M06,P0779,6,2028-01-07,,,open
P0779-M07,P0779,7,2028-06-19,,,open
P0779-M08,P0779,8,2028-12-01,,,open
P0783-M01,P0783,1,2020-08-24,2020-12-13,0.0,completed
P0783-M02,P0783,2,2021-02-28,2021-07-18,0.0,completed
P0783-M03,P0783,3,2021-08-14,2022-02-07,0.0,completed
P0783-M04,P0783,4,2022-01-11,2022-07-04,0.0,completed
P0783-M05,P0783,5,2022-05-19,2022-12-06,0.0,completed
P0783-M06,P0783,6,2022-10-23,2023-04-04,0.0,completed
P0783-M07,P0783,7,2023-02-13,2023-10-10,0.0,completed
P0783-M08,P0783,8,2023-07-13,2024-04-14,0.0,completed
P0783-M09,P0783,9,2024-01-30,2024-09-28,0.0,completed
P0783-M10,P0783,10,2024-07-19,2025-05-19,0.0,completed
P0783-M11,P0783,11,2025-04-15,2026-02-04,0.0,completed
P0787-M01,P0787,1,2022-04-27,2022-08-02,0.0,completed
P0787-M02,P0787,2,2022-10-06,2023-02-06,0.0,completed
P0787-M03,P0787,3,2023-03-03,2023-08-18,0.0,completed
P0787-M04,P0787,4,2023-08-28,2024-02-28,0.0,completed
P0787-M05,P0787,5,2024-02-21,2024-08-10,0.0,completed
P0787-M06,P0787,6,2024-10-02,2025-06-02,0.0,completed
P0789-M01,P0789,1,2026-07-03,,,open
P0789-M02,P0789,2,2027-01-31,,,open
P0789-M03,P0789,3,2027-07-02,,,open
P0789-M04,P0789,4,2027-12-01,,,open
P0789-M05,P0789,5,2028-05-01,,,open
P0789-M06,P0789,6,2028-10-01,,,open
P0794-M01,P0794,1,2025-09-06,2025-08-05,1.0,completed
P0794-M02,P0794,2,2026-02-16,2026-02-21,0.0,completed
P0794-M03,P0794,3,2026-06-14,2026-08-05,0.0,completed
P0794-M04,P0794,4,2027-01-31,,,open
P0794-M05,P0794,5,2027-07-02,,,open
P0794-M06,P0794,6,2027-12-01,,,open
P0800-M01,P0800,1,2019-05-29,2019-04-03,1.0,completed
P0800-M02,P0800,2,2019-11-18,2019-12-25,0.0,completed
P0800-M03,P0800,3,2020-05-12,2020-05-07,1.0,completed
P0800-M04,P0800,4,2020-10-05,2020-11-15,0.0,completed
P0800-M05,P0800,5,2021-02-14,2021-05-03,0.0,completed
P0800-M06,P0800,6,2021-07-05,2021-10-27,0.0,completed
P0800-M07,P0800,7,2021-12-04,2022-03-18,0.0,completed
P0800-M08,P0800,8,2022-06-13,2022-09-13,0.0,completed
P0800-M09,P0800,9,2022-12-16,2023-03-24,0.0,completed
P0800-M10,P0800,10,2023-09-05,2024-02-24,0.0,completed
P0801-M01,P0801,1,2021-08-14,2021-07-22,1.0,completed
P0801-M02,P0801,2,2022-02-12,2022-01-17,1.0,completed
P0801-M03,P0801,3,2022-07-16,2022-06-17,1.0,completed
P0801-M04,P0801,4,2022-12-22,2022-11-27,1.0,completed
P0801-M05,P0801,5,2023-05-18,2023-05-04,1.0,completed
P0801-M06,P0801,6,2023-09-18,2023-09-19,0.0,completed
P0801-M07,P0801,7,2024-01-07,2024-01-30,0.0,completed
P0801-M08,P0801,8,2024-06-07,2024-07-31,0.0,completed
P0801-M09,P0801,9,2024-11-19,2025-01-27,0.0,completed
P0801-M10,P0801,10,2025-04-09,2025-07-07,0.0,completed
P0801-M11,P0801,11,2025-10-24,2026-02-04,0.0,completed
P0801-M12,P0801,12,2026-07-28,,,open
P0807-M01,P0807,1,2022-07-28,2022-05-10,1.0,completed
P0807-M02,P0807,2,2023-03-01,2022-11-29,1.0,completed
P0807-M03,P0807,3,2023-07-21,2023-05-15,1.0,completed
P0807-M04,P0807,4,2023-12-05,2023-10-13,1.0,completed
P0807-M05,P0807,5,2024-05-20,2024-02-25,1.0,completed
P0807-M06,P0807,6,2024-09-23,2024-07-18,1.0,completed
P0807-M07,P0807,7,2025-02-12,2024-12-18,1.0,completed
P0807-M08,P0807,8,2025-07-25,2025-06-02,1.0,completed
P0807-M09,P0807,9,2025-12-31,2025-12-31,1.0,completed
P0807-M10,P0807,10,2026-05-11,2026-06-02,0.0,completed
P0807-M11,P0807,11,2027-03-17,,,open
P0807-M12,P0807,12,2027-10-01,,,open
P0809-M01,P0809,1,2023-04-16,2023-05-03,0.0,completed
P0809-M02,P0809,2,2023-09-05,2023-10-20,0.0,completed
P0809-M03,P0809,3,2024-01-05,2024-03-26,0.0,completed
P0809-M04,P0809,4,2024-05-02,2024-06-23,0.0,completed
P0809-M05,P0809,5,2024-10-05,2024-12-31,0.0,completed
P0809-M06,P0809,6,2025-05-13,2025-08-24,0.0,completed
P0820-M01,P0820,1,2022-09-01,2022-06-15,1.0,completed
P0820-M02,P0820,2,2023-02-09,2022-12-19,1.0,completed
P0820-M03,P0820,3,2023-07-02,2023-06-27,1.0,completed
P0820-M04,P0820,4,2023-12-17,2023-10-14,1.0,completed
P0820-M05,P0820,5,2024-05-08,2024-04-25,1.0,completed
P0820-M06,P0820,6,2024-10-11,2024-08-22,1.0,completed
P0820-M07,P0820,7,2025-03-10,2025-02-27,1.0,completed
P0820-M08,P0820,8,2025-08-19,2025-08-01,1.0,completed
P0820-M09,P0820,9,2026-02-17,2026-03-06,0.0,completed
P0820-M10,P0820,10,2026-12-01,,,open
P0826-M01,P0826,1,2019-04-01,2019-07-29,0.0,completed
P0826-M02,P0826,2,2019-08-19,2020-02-01,0.0,completed
P0826-M03,P0826,3,2020-02-17,2020-06-10,0.0,completed
P0826-M04,P0826,4,2020-09-25,2021-03-06,0.0,completed
P0827-M01,P0827,1,2026-05-17,2026-05-16,1.0,completed
P0827-M02,P0827,2,2027-02-03,,,open
P0827-M03,P0827,3,2027-07-08,,,open
P0827-M04,P0827,4,2027-12-11,,,open
P0827-M05,P0827,5,2028-05-14,,,open
P0827-M06,P0827,6,2028-10-17,,,open
P0827-M07,P0827,7,2029-03-21,,,open
P0827-M08,P0827,8,2029-08-24,,,open
P0827-M09,P0827,9,2030-01-26,,,open
P0827-M10,P0827,10,2030-07-01,,,open
P0829-M01,P0829,1,2025-11-25,2025-12-03,0.0,completed
P0829-M02,P0829,2,2026-03-20,2026-07-10,0.0,completed
P0829-M03,P0829,3,2026-08-25,,,open
P0829-M04,P0829,4,2027-04-01,,,open
P0832-M01,P0832,1,2019-08-15,2019-08-04,1.0,completed
P0832-M02,P0832,2,2020-03-16,2020-02-03,1.0,completed
P0832-M03,P0832,3,2020-08-24,2020-07-15,1.0,completed
P0832-M04,P0832,4,2021-01-02,2020-12-12,1.0,completed
P0832-M05,P0832,5,2021-06-02,2021-05-25,1.0,completed
P0832-M06,P0832,6,2021-10-13,2021-09-06,1.0,completed
P0832-M07,P0832,7,2022-03-13,2022-02-25,1.0,completed
P0832-M08,P0832,8,2022-07-19,2022-06-04,1.0,completed
P0832-M09,P0832,9,2022-12-15,2022-11-05,1.0,completed
P0832-M10,P0832,10,2023-05-16,2023-05-16,1.0,completed
P0832-M11,P0832,11,2023-10-02,2023-11-17,0.0,completed
P0832-M12,P0832,12,2024-05-03,2024-04-27,1.0,completed
P0832-M13,P0832,13,2025-02-14,2025-02-27,0.0,completed
P0834-M01,P0834,1,2017-05-19,2017-05-10,1.0,completed
P0834-M02,P0834,2,2017-11-04,2018-02-28,0.0,completed
P0834-M03,P0834,3,2018-05-17,2018-08-05,0.0,completed
P0834-M04,P0834,4,2018-10-12,2019-01-20,0.0,completed
P0834-M05,P0834,5,2019-03-25,2019-08-01,0.0,completed
P0834-M06,P0834,6,2019-08-25,2019-10-28,0.0,completed
P0834-M07,P0834,7,2020-01-04,2020-03-07,0.0,completed
P0834-M08,P0834,8,2020-06-03,2020-09-15,0.0,completed
P0834-M09,P0834,9,2020-11-13,2021-03-09,0.0,completed
P0834-M10,P0834,10,2021-05-15,2021-10-06,0.0,completed
P0834-M11,P0834,11,2021-11-19,2022-07-01,0.0,completed
P0834-M12,P0834,12,2022-09-26,2023-05-23,0.0,completed
P0837-M01,P0837,1,2022-05-07,2022-03-16,1.0,completed
P0837-M02,P0837,2,2022-11-06,2022-09-06,1.0,completed
P0837-M03,P0837,3,2023-04-08,2023-01-12,1.0,completed
P0837-M04,P0837,4,2023-09-18,2023-06-24,1.0,completed
P0837-M05,P0837,5,2024-01-19,2023-10-04,1.0,completed
P0837-M06,P0837,6,2024-05-09,2024-03-14,1.0,completed
P0837-M07,P0837,7,2024-10-24,2024-09-05,1.0,completed
P0837-M08,P0837,8,2025-03-22,2025-02-07,1.0,completed
P0837-M09,P0837,9,2025-09-07,2025-07-19,1.0,completed
P0837-M10,P0837,10,2026-05-03,2026-05-03,1.0,completed
P0843-M01,P0843,1,2023-06-04,2023-06-19,0.0,completed
P0843-M02,P0843,2,2023-11-08,2023-12-27,0.0,completed
P0843-M03,P0843,3,2024-03-12,2024-06-18,0.0,completed
P0843-M04,P0843,4,2024-08-07,2024-12-01,0.0,completed
P0843-M05,P0843,5,2025-01-27,2025-05-22,0.0,completed
P0843-M06,P0843,6,2025-09-06,2026-02-20,0.0,completed
P0845-M01,P0845,1,2020-09-04,2021-01-05,0.0,completed
P0845-M02,P0845,2,2021-03-02,2021-08-27,0.0,completed
P0845-M03,P0845,3,2021-08-05,2022-02-13,0.0,completed
P0845-M04,P0845,4,2022-01-22,2022-08-24,0.0,completed
P0845-M05,P0845,5,2022-05-17,2023-02-21,0.0,completed
P0845-M06,P0845,6,2022-10-22,2023-07-04,0.0,completed
P0845-M07,P0845,7,2023-03-17,2023-12-07,0.0,completed
P0845-M08,P0845,8,2023-08-26,2024-05-15,0.0,completed
P0845-M09,P0845,9,2024-02-07,2024-10-05,0.0,completed
P0845-M10,P0845,10,2024-11-15,2025-08-27,0.0,completed
P0850-M01,P0850,1,2025-09-20,2025-08-17,1.0,completed
P0850-M02,P0850,2,2026-03-06,2026-02-25,1.0,completed
P0850-M03,P0850,3,2026-07-09,2026-07-10,0.0,completed
P0850-M04,P0850,4,2027-03-02,,,open
P0850-M05,P0850,5,2027-08-31,,,open
P0850-M06,P0850,6,2028-03-01,,,open
P0857-M01,P0857,1,2021-05-09,2021-07-22,0.0,completed
P0857-M02,P0857,2,2021-10-02,2022-01-29,0.0,completed
P0857-M03,P0857,3,2022-03-06,2022-05-30,0.0,completed
P0857-M04,P0857,4,2022-08-11,2022-11-28,0.0,completed
P0857-M05,P0857,5,2023-01-04,2023-05-18,0.0,completed
P0857-M06,P0857,6,2023-08-02,2024-02-28,0.0,completed
P0862-M01,P0862,1,2019-10-06,2019-08-19,1.0,completed
P0862-M02,P0862,2,2020-03-04,2020-02-02,1.0,completed
P0862-M03,P0862,3,2020-07-19,2020-06-24,1.0,completed
P0862-M04,P0862,4,2020-12-13,2020-12-31,0.0,completed
P0862-M05,P0862,5,2021-05-25,2021-07-16,0.0,completed
P0862-M06,P0862,6,2022-01-10,2022-03-31,0.0,completed
P0874-M01,P0874,1,2027-01-31,,,open
P0874-M02,P0874,2,2027-07-02,,,open
P0874-M03,P0874,3,2027-12-01,,,open
P0874-M04,P0874,4,2028-05-01,,,open
P0874-M05,P0874,5,2028-09-30,,,open
P0874-M06,P0874,6,2029-03-01,,,open
P0885-M01,P0885,1,2024-05-19,2024-06-19,0.0,completed
P0885-M02,P0885,2,2024-11-15,2024-12-20,0.0,completed
P0885-M03,P0885,3,2025-04-22,2025-06-07,0.0,completed
P0885-M04,P0885,4,2025-09-11,2025-12-02,0.0,completed
P0885-M05,P0885,5,2026-02-13,2026-04-16,0.0,completed
P0885-M06,P0885,6,2026-07-26,,,open
P0885-M07,P0885,7,2027-03-02,,,open
P0885-M08,P0885,8,2027-09-01,,,open
P0885-M09,P0885,9,2028-03-02,,,open
P0885-M10,P0885,10,2028-09-01,,,open
P0891-M01,P0891,1,2026-12-24,,,open
P0891-M02,P0891,2,2027-04-17,,,open
P0891-M03,P0891,3,2027-08-09,,,open
P0891-M04,P0891,4,2027-12-01,,,open
P0894-M01,P0894,1,2019-09-30,2019-10-31,0.0,completed
P0894-M02,P0894,2,2020-03-28,2020-06-30,0.0,completed
P0894-M03,P0894,3,2020-08-03,2021-01-01,0.0,completed
P0894-M04,P0894,4,2021-01-16,2021-06-27,0.0,completed
P0894-M05,P0894,5,2021-05-10,2021-12-21,0.0,completed
P0894-M06,P0894,6,2021-10-08,2022-05-17,0.0,completed
P0894-M07,P0894,7,2022-03-18,2022-12-05,0.0,completed
P0894-M08,P0894,8,2022-09-19,2023-06-08,0.0,completed
P0894-M09,P0894,9,2023-06-28,2024-05-17,0.0,completed
P0895-M01,P0895,1,2025-10-21,2025-08-21,1.0,completed
P0895-M02,P0895,2,2026-04-26,2026-01-03,1.0,completed
P0895-M03,P0895,3,2027-02-06,2026-06-03,1.0,completed
P0895-M04,P0895,4,2027-07-15,,,open
P0895-M05,P0895,5,2027-12-21,,,open
P0895-M06,P0895,6,2028-05-28,,,open
P0895-M07,P0895,7,2028-11-03,,,open
P0895-M08,P0895,8,2029-04-11,,,open
P0895-M09,P0895,9,2029-09-17,,,open
P0895-M10,P0895,10,2030-02-23,,,open
P0895-M11,P0895,11,2030-08-01,,,open
P0897-M01,P0897,1,2021-08-24,2021-10-20,0.0,completed
P0897-M02,P0897,2,2022-01-08,2022-05-30,0.0,completed
P0897-M03,P0897,3,2022-06-10,2022-10-08,0.0,completed
P0897-M04,P0897,4,2022-10-05,2023-02-13,0.0,completed
P0897-M05,P0897,5,2023-02-11,2023-07-23,0.0,completed
P0897-M06,P0897,6,2023-07-28,2023-11-16,0.0,completed
P0897-M07,P0897,7,2023-12-09,2024-04-16,0.0,completed
P0897-M08,P0897,8,2024-09-01,2024-12-15,0.0,completed
