state_code,ne_monsoon_start_doy,ne_monsoon_end_doy,sw_monsoon_onset_doy_v4,sw_monsoon_withdrawal_doy_v4,sw_monsoon_onset_doy,sw_monsoon_withdrawal_doy,normal_basis
AN,295.0,330.0,140,314,141,288,"IMD 2020 new normals (onset 1961-2019, withdrawal 1971-2019); anchor cities verified, other states approximated from isochrones, +/-5 days"
AP,288.0,350.0,161,288,159,288,"IMD 2020 new normals (onset 1961-2019, withdrawal 1971-2019); anchor cities verified, other states approximated from isochrones, +/-5 days"
AR,,,115,290,156,288,"IMD 2020 new normals (onset 1961-2019, withdrawal 1971-2019); anchor cities verified, other states approximated from isochrones, +/-5 days"
AS,,,105,288,155,288,"IMD 2020 new normals (onset 1961-2019, withdrawal 1971-2019); anchor cities verified, other states approximated from isochrones, +/-5 days"
BR,,,163,278,166,288,"IMD 2020 new normals (onset 1961-2019, withdrawal 1971-2019); anchor cities verified, other states approximated from isochrones, +/-5 days"
CH,,,180,253,180,268,"IMD 2020 new normals (onset 1961-2019, withdrawal 1971-2019); anchor cities verified, other states approximated from isochrones, +/-5 days"
CT,,,173,268,166,288,"IMD 2020 new normals (onset 1961-2019, withdrawal 1971-2019); anchor cities verified, other states approximated from isochrones, +/-5 days"
DH,,,161,283,166,278,"IMD 2020 new normals (onset 1961-2019, withdrawal 1971-2019); anchor cities verified, other states approximated from isochrones, +/-5 days"
DL,,,180,253,178,268,"IMD 2020 new normals (onset 1961-2019, withdrawal 1971-2019); anchor cities verified, other states approximated from isochrones, +/-5 days"
GA,,,155,268,158,283,"IMD 2020 new normals (onset 1961-2019, withdrawal 1971-2019); anchor cities verified, other states approximated from isochrones, +/-5 days"
GJ,,,167,263,171,273,"IMD 2020 new normals (onset 1961-2019, withdrawal 1971-2019); anchor cities verified, other states approximated from isochrones, +/-5 days"
HR,,,180,253,180,268,"IMD 2020 new normals (onset 1961-2019, withdrawal 1971-2019); anchor cities verified, other states approximated from isochrones, +/-5 days"
HP,,,186,258,177,268,"IMD 2020 new normals (onset 1961-2019, withdrawal 1971-2019); anchor cities verified, other states approximated from isochrones, +/-5 days"
JK,,,182,258,181,268,"IMD 2020 new normals (onset 1961-2019, withdrawal 1971-2019); anchor cities verified, other states approximated from isochrones, +/-5 days"
JH,,,161,283,168,288,"IMD 2020 new normals (onset 1961-2019, withdrawal 1971-2019); anchor cities verified, other states approximated from isochrones, +/-5 days"
KA,,,161,284,156,288,"IMD 2020 new normals (onset 1961-2019, withdrawal 1971-2019); anchor cities verified, other states approximated from isochrones, +/-5 days"
KL,288.0,330.0,152,211,152,288,"IMD 2020 new normals (onset 1961-2019, withdrawal 1971-2019); anchor cities verified, other states approximated from isochrones, +/-5 days"
LA,,,190,258,189,263,"IMD 2020 new normals (onset 1961-2019, withdrawal 1971-2019); anchor cities verified, other states approximated from isochrones, +/-5 days"
LD,,,140,319,151,288,"IMD 2020 new normals (onset 1961-2019, withdrawal 1971-2019); anchor cities verified, other states approximated from isochrones, +/-5 days"
MP,,,173,268,171,278,"IMD 2020 new normals (onset 1961-2019, withdrawal 1971-2019); anchor cities verified, other states approximated from isochrones, +/-5 days"
MH,,,161,278,162,281,"IMD 2020 new normals (onset 1961-2019, withdrawal 1971-2019); anchor cities verified, other states approximated from isochrones, +/-5 days"
MN,,,120,290,156,288,"IMD 2020 new normals (onset 1961-2019, withdrawal 1971-2019); anchor cities verified, other states approximated from isochrones, +/-5 days"
ML,,,110,288,156,288,"IMD 2020 new normals (onset 1961-2019, withdrawal 1971-2019); anchor cities verified, other states approximated from isochrones, +/-5 days"
MZ,,,121,288,154,288,"IMD 2020 new normals (onset 1961-2019, withdrawal 1971-2019); anchor cities verified, other states approximated from isochrones, +/-5 days"
NL,,,121,288,155,288,"IMD 2020 new normals (onset 1961-2019, withdrawal 1971-2019); anchor cities verified, other states approximated from isochrones, +/-5 days"
OD,290.0,340.0,155,288,164,288,"IMD 2020 new normals (onset 1961-2019, withdrawal 1971-2019); anchor cities verified, other states approximated from isochrones, +/-5 days"
PY,288.0,365.0,154,345,155,288,"IMD 2020 new normals (onset 1961-2019, withdrawal 1971-2019); anchor cities verified, other states approximated from isochrones, +/-5 days"
PB,,,180,253,180,268,"IMD 2020 new normals (onset 1961-2019, withdrawal 1971-2019); anchor cities verified, other states approximated from isochrones, +/-5 days"
RJ,,,176,253,180,263,"IMD 2020 new normals (onset 1961-2019, withdrawal 1971-2019); anchor cities verified, other states approximated from isochrones, +/-5 days"
SK,,,112,288,163,288,"IMD 2020 new normals (onset 1961-2019, withdrawal 1971-2019); anchor cities verified, other states approximated from isochrones, +/-5 days"
TN,288.0,350.0,157,296,155,288,"IMD 2020 new normals (onset 1961-2019, withdrawal 1971-2019); anchor cities verified, other states approximated from isochrones, +/-5 days"
TR,,,118,288,156,288,"IMD 2020 new normals (onset 1961-2019, withdrawal 1971-2019); anchor cities verified, other states approximated from isochrones, +/-5 days"
UP,,,169,268,172,275,"IMD 2020 new normals (onset 1961-2019, withdrawal 1971-2019); anchor cities verified, other states approximated from isochrones, +/-5 days"
UT,,,176,263,175,271,"IMD 2020 new normals (onset 1961-2019, withdrawal 1971-2019); anchor cities verified, other states approximated from isochrones, +/-5 days"
WB,,,154,293,162,288,"IMD 2020 new normals (onset 1961-2019, withdrawal 1971-2019); anchor cities verified, other states approximated from isochrones, +/-5 days"
TG,,,161,288,161,288,"IMD 2020 new normals (onset 1961-2019, withdrawal 1971-2019); anchor cities verified, other states approximated from isochrones, +/-5 days"
